DOCUMENT_ID,SURVEY_ID,TYPE,LABEL
DOC_101001_1,101001,이용자용통계정보보고서,document
DOC_101001_3,101001,보도자료,document
DOC_101002_1,101002,이용자용통계정보보고서,document
DOC_101002_2,101002,간행물,document
DOC_101002_3,101002,보도자료,document
DOC_101003_1,101003,이용자용통계정보보고서,document
DOC_101003_3,101003,보도자료,document
DOC_101004_1,101004,이용자용통계정보보고서,document
DOC_101004_3,101004,보도자료,document
DOC_101006_1,101006,이용자용통계정보보고서,document
DOC_101006_3,101006,보도자료,document
DOC_101007_1,101007,이용자용통계정보보고서,document
DOC_101007_3,101007,보도자료,document
DOC_101009_1,101009,이용자용통계정보보고서,document
DOC_101009_2,101009,간행물,document
DOC_101009_3,101009,보도자료,document
DOC_101011_1,101011,이용자용통계정보보고서,document
DOC_101011_3,101011,보도자료,document
DOC_101013_1,101013,이용자용통계정보보고서,document
DOC_101013_2,101013,간행물,document
DOC_101014_1,101014,이용자용통계정보보고서,document
DOC_101014_2,101014,간행물,document
DOC_101014_3,101014,보도자료,document
DOC_101015_1,101015,이용자용통계정보보고서,document
DOC_101015_3,101015,보도자료,document
DOC_101016_1,101016,이용자용통계정보보고서,document
DOC_101016_3,101016,보도자료,document
DOC_101018_1,101018,이용자용통계정보보고서,document
DOC_101018_2,101018,간행물,document
DOC_101018_3,101018,보도자료,document
DOC_101019_1,101019,이용자용통계정보보고서,document
DOC_101019_2,101019,간행물,document
DOC_101019_3,101019,보도자료,document
DOC_101020_1,101020,이용자용통계정보보고서,document
DOC_101020_2,101020,간행물,document
DOC_101020_3,101020,보도자료,document
DOC_101021_1,101021,이용자용통계정보보고서,document
DOC_101021_3,101021,보도자료,document
DOC_101027_1,101027,이용자용통계정보보고서,document
DOC_101027_2,101027,간행물,document
DOC_101027_3,101027,보도자료,document
DOC_101028_1,101028,이용자용통계정보보고서,document
DOC_101028_3,101028,보도자료,document
DOC_101033_1,101033,이용자용통계정보보고서,document
DOC_101033_2,101033,간행물,document
DOC_101033_3,101033,보도자료,document
DOC_101035_1,101035,이용자용통계정보보고서,document
DOC_101035_3,101035,보도자료,document
DOC_101037_1,101037,이용자용통계정보보고서,document
DOC_101037_2,101037,간행물,document
DOC_101037_3,101037,보도자료,document
DOC_101040_1,101040,이용자용통계정보보고서,document
DOC_101040_3,101040,보도자료,document
DOC_101041_1,101041,이용자용통계정보보고서,document
DOC_101041_2,101041,간행물,document
DOC_101041_3,101041,보도자료,document
DOC_101042_1,101042,이용자용통계정보보고서,document
DOC_101042_2,101042,간행물,document
DOC_101042_3,101042,보도자료,document
DOC_101043_1,101043,이용자용통계정보보고서,document
DOC_101043_2,101043,간행물,document
DOC_101043_3,101043,보도자료,document
DOC_101044_1,101044,이용자용통계정보보고서,document
DOC_101044_2,101044,간행물,document
DOC_101044_3,101044,보도자료,document
DOC_101045_1,101045,이용자용통계정보보고서,document
DOC_101045_2,101045,간행물,document
DOC_101045_3,101045,보도자료,document
DOC_101049_1,101049,이용자용통계정보보고서,document
DOC_101049_2,101049,간행물,document
DOC_101049_3,101049,보도자료,document
DOC_101050_1,101050,이용자용통계정보보고서,document
DOC_101050_2,101050,간행물,document
DOC_101050_3,101050,보도자료,document
DOC_101052_1,101052,이용자용통계정보보고서,document
DOC_101052_2,101052,간행물,document
DOC_101052_3,101052,보도자료,document
DOC_101054_1,101054,이용자용통계정보보고서,document
DOC_101054_2,101054,간행물,document
DOC_101054_3,101054,보도자료,document
DOC_101056_1,101056,이용자용통계정보보고서,document
DOC_101056_2,101056,간행물,document
DOC_101056_3,101056,보도자료,document
DOC_101062_1,101062,이용자용통계정보보고서,document
DOC_101062_2,101062,간행물,document
DOC_101062_3,101062,보도자료,document
DOC_101064_1,101064,이용자용통계정보보고서,document
DOC_101064_2,101064,간행물,document
DOC_101064_3,101064,보도자료,document
DOC_101066_1,101066,이용자용통계정보보고서,document
DOC_101066_3,101066,보도자료,document
DOC_101067_1,101067,이용자용통계정보보고서,document
DOC_101067_3,101067,보도자료,document
DOC_101071_1,101071,이용자용통계정보보고서,document
DOC_101071_3,101071,보도자료,document
DOC_101073_1,101073,이용자용통계정보보고서,document
DOC_101073_3,101073,보도자료,document
DOC_101074_1,101074,이용자용통계정보보고서,document
DOC_101074_3,101074,보도자료,document
DOC_101078_1,101078,이용자용통계정보보고서,document
DOC_101078_3,101078,보도자료,document
DOC_101079_1,101079,이용자용통계정보보고서,document
DOC_101079_3,101079,보도자료,document
DOC_101080_1,101080,이용자용통계정보보고서,document
DOC_101080_3,101080,보도자료,document
DOC_101082_3,101082,보도자료,document
DOC_101082_4,101082,통계설명메타,document
DOC_101083_3,101083,보도자료,document
DOC_101083_4,101083,통계설명메타,document
DOC_101084_3,101084,보도자료,document
DOC_101084_4,101084,통계설명메타,document
DOC_101085_3,101085,보도자료,document
DOC_101085_4,101085,통계설명메타,document
DOC_101086_3,101086,보도자료,document
DOC_101086_4,101086,통계설명메타,document
DOC_101087_3,101087,보도자료,document
DOC_101088_3,101088,보도자료,document
DOC_101088_4,101088,통계설명메타,document
DOC_101089_1,101089,이용자용통계정보보고서,document
DOC_101089_3,101089,보도자료,document
DOC_101090_3,101090,보도자료,document
DOC_101090_4,101090,통계설명메타,document
DOC_101091_3,101091,보도자료,document
DOC_101091_4,101091,통계설명메타,document
DOC_101092_3,101092,보도자료,document
DOC_101092_4,101092,통계설명메타,document
DOC_102001_1,102001,이용자용통계정보보고서,document
DOC_102002_1,102002,이용자용통계정보보고서,document
DOC_102002_3,102002,보도자료,document
DOC_102003_1,102003,이용자용통계정보보고서,document
DOC_102003_3,102003,보도자료,document
DOC_102004_1,102004,이용자용통계정보보고서,document
DOC_102005_1,102005,이용자용통계정보보고서,document
DOC_102005_3,102005,보도자료,document
DOC_102006_1,102006,이용자용통계정보보고서,document
DOC_102006_3,102006,보도자료,document
DOC_102007_1,102007,이용자용통계정보보고서,document
DOC_103001_1,103001,이용자용통계정보보고서,document
DOC_103002_1,103002,이용자용통계정보보고서,document
DOC_103003_1,103003,이용자용통계정보보고서,document
DOC_105001_1,105001,이용자용통계정보보고서,document
DOC_105001_2,105001,간행물,document
DOC_105001_3,105001,보도자료,document
DOC_105002_1,105002,이용자용통계정보보고서,document
DOC_105002_2,105002,간행물,document
DOC_105003_1,105003,이용자용통계정보보고서,document
DOC_105003_2,105003,간행물,document
DOC_105004_1,105004,이용자용통계정보보고서,document
DOC_105004_2,105004,간행물,document
DOC_105005_1,105005,이용자용통계정보보고서,document
DOC_105005_2,105005,간행물,document
DOC_105006_1,105006,이용자용통계정보보고서,document
DOC_105006_2,105006,간행물,document
DOC_106001_1,106001,이용자용통계정보보고서,document
DOC_106002_1,106002,이용자용통계정보보고서,document
DOC_106003_1,106003,이용자용통계정보보고서,document
DOC_106005_1,106005,이용자용통계정보보고서,document
DOC_106005_2,106005,간행물,document
DOC_106006_1,106006,이용자용통계정보보고서,document
DOC_106007_1,106007,이용자용통계정보보고서,document
DOC_106009_1,106009,이용자용통계정보보고서,document
DOC_106009_2,106009,간행물,document
DOC_106010_1,106010,이용자용통계정보보고서,document
DOC_106013_1,106013,이용자용통계정보보고서,document
DOC_106013_3,106013,보도자료,document
DOC_106014_1,106014,이용자용통계정보보고서,document
DOC_106014_2,106014,간행물,document
DOC_106016_1,106016,이용자용통계정보보고서,document
DOC_106016_2,106016,간행물,document
DOC_106020_1,106020,이용자용통계정보보고서,document
DOC_106023_1,106023,이용자용통계정보보고서,document
DOC_106023_2,106023,간행물,document
DOC_106025_1,106025,이용자용통계정보보고서,document
DOC_106026_1,106026,이용자용통계정보보고서,document
DOC_106027_1,106027,이용자용통계정보보고서,document
DOC_106027_2,106027,간행물,document
DOC_106027_3,106027,보도자료,document
DOC_106028_3,106028,보도자료,document
DOC_106028_4,106028,통계설명메타,document
DOC_106029_4,106029,통계설명메타,document
DOC_106031_1,106031,이용자용통계정보보고서,document
DOC_106032_4,106032,통계설명메타,document
DOC_106033_4,106033,통계설명메타,document
DOC_106034_1,106034,이용자용통계정보보고서,document
DOC_106034_2,106034,간행물,document
DOC_106035_2,106035,간행물,document
DOC_109005_1,109005,이용자용통계정보보고서,document
DOC_109006_1,109006,이용자용통계정보보고서,document
DOC_109006_2,109006,간행물,document
DOC_110001_1,110001,이용자용통계정보보고서,document
DOC_110005_1,110005,이용자용통계정보보고서,document
DOC_110006_1,110006,이용자용통계정보보고서,document
DOC_110007_1,110007,이용자용통계정보보고서,document
DOC_110013_1,110013,이용자용통계정보보고서,document
DOC_110013_3,110013,보도자료,document
DOC_110020_1,110020,이용자용통계정보보고서,document
DOC_110020_3,110020,보도자료,document
DOC_110025_1,110025,이용자용통계정보보고서,document
DOC_110025_3,110025,보도자료,document
DOC_110026_3,110026,보도자료,document
DOC_110026_4,110026,통계설명메타,document
DOC_110027_1,110027,이용자용통계정보보고서,document
DOC_110027_3,110027,보도자료,document
DOC_110029_1,110029,이용자용통계정보보고서,document
DOC_110029_2,110029,간행물,document
DOC_110029_3,110029,보도자료,document
DOC_110030_1,110030,이용자용통계정보보고서,document
DOC_110031_4,110031,통계설명메타,document
DOC_110032_2,110032,간행물,document
DOC_110032_3,110032,보도자료,document
DOC_111001_3,111001,보도자료,document
DOC_111001_4,111001,통계설명메타,document
DOC_112002_1,112002,이용자용통계정보보고서,document
DOC_112002_2,112002,간행물,document
DOC_112002_3,112002,보도자료,document
DOC_112014_1,112014,이용자용통계정보보고서,document
DOC_112014_2,112014,간행물,document
DOC_112016_1,112016,이용자용통계정보보고서,document
DOC_112016_2,112016,간행물,document
DOC_112017_1,112017,이용자용통계정보보고서,document
DOC_112017_2,112017,간행물,document
DOC_112018_2,112018,간행물,document
DOC_113001_1,113001,이용자용통계정보보고서,document
DOC_113001_2,113001,간행물,document
DOC_113002_1,113002,이용자용통계정보보고서,document
DOC_113002_2,113002,간행물,document
DOC_113002_3,113002,보도자료,document
DOC_113003_1,113003,이용자용통계정보보고서,document
DOC_113003_2,113003,간행물,document
DOC_113003_3,113003,보도자료,document
DOC_113004_1,113004,이용자용통계정보보고서,document
DOC_113004_2,113004,간행물,document
DOC_113005_1,113005,이용자용통계정보보고서,document
DOC_113005_2,113005,간행물,document
DOC_113009_1,113009,이용자용통계정보보고서,document
DOC_113009_2,113009,간행물,document
DOC_113014_1,113014,이용자용통계정보보고서,document
DOC_113014_2,113014,간행물,document
DOC_113015_1,113015,이용자용통계정보보고서,document
DOC_113015_2,113015,간행물,document
DOC_113015_3,113015,보도자료,document
DOC_113016_2,113016,간행물,document
DOC_113016_3,113016,보도자료,document
DOC_113017_1,113017,이용자용통계정보보고서,document
DOC_113017_2,113017,간행물,document
DOC_113018_1,113018,이용자용통계정보보고서,document
DOC_113018_2,113018,간행물,document
DOC_113018_3,113018,보도자료,document
DOC_113020_1,113020,이용자용통계정보보고서,document
DOC_113020_2,113020,간행물,document
DOC_113020_3,113020,보도자료,document
DOC_113021_1,113021,이용자용통계정보보고서,document
DOC_113021_2,113021,간행물,document
DOC_113022_1,113022,이용자용통계정보보고서,document
DOC_113023_1,113023,이용자용통계정보보고서,document
DOC_113023_2,113023,간행물,document
DOC_113024_4,113024,통계설명메타,document
DOC_113025_2,113025,간행물,document
DOC_113026_2,113026,간행물,document
DOC_113026_3,113026,보도자료,document
DOC_113027_3,113027,보도자료,document
DOC_113027_4,113027,통계설명메타,document
DOC_114004_1,114004,이용자용통계정보보고서,document
DOC_114004_2,114004,간행물,document
DOC_114010_1,114010,이용자용통계정보보고서,document
DOC_114010_3,114010,보도자료,document
DOC_114016_4,114016,통계설명메타,document
DOC_114017_1,114017,이용자용통계정보보고서,document
DOC_114017_2,114017,간행물,document
DOC_114018_1,114018,이용자용통계정보보고서,document
DOC_114018_2,114018,간행물,document
DOC_114019_1,114019,이용자용통계정보보고서,document
DOC_114019_2,114019,간행물,document
DOC_114020_4,114020,통계설명메타,document
DOC_114021_4,114021,통계설명메타,document
DOC_114022_4,114022,통계설명메타,document
DOC_114029_1,114029,이용자용통계정보보고서,document
DOC_114032_1,114032,이용자용통계정보보고서,document
DOC_114032_2,114032,간행물,document
DOC_114032_3,114032,보도자료,document
DOC_114033_1,114033,이용자용통계정보보고서,document
DOC_114033_2,114033,간행물,document
DOC_114033_3,114033,보도자료,document
DOC_114036_1,114036,이용자용통계정보보고서,document
DOC_114036_2,114036,간행물,document
DOC_114036_3,114036,보도자료,document
DOC_114037_1,114037,이용자용통계정보보고서,document
DOC_114037_2,114037,간행물,document
DOC_114037_3,114037,보도자료,document
DOC_114047_1,114047,이용자용통계정보보고서,document
DOC_114047_2,114047,간행물,document
DOC_114048_1,114048,이용자용통계정보보고서,document
DOC_114048_2,114048,간행물,document
DOC_114048_3,114048,보도자료,document
DOC_114049_2,114049,간행물,document
DOC_114049_3,114049,보도자료,document
DOC_114050_1,114050,이용자용통계정보보고서,document
DOC_114050_2,114050,간행물,document
DOC_114051_1,114051,이용자용통계정보보고서,document
DOC_114052_1,114052,이용자용통계정보보고서,document
DOC_114052_3,114052,보도자료,document
DOC_114053_1,114053,이용자용통계정보보고서,document
DOC_114053_2,114053,간행물,document
DOC_114054_1,114054,이용자용통계정보보고서,document
DOC_114054_2,114054,간행물,document
DOC_114055_1,114055,이용자용통계정보보고서,document
DOC_114055_3,114055,보도자료,document
DOC_114056_2,114056,간행물,document
DOC_114057_2,114057,간행물,document
DOC_114058_2,114058,간행물,document
DOC_114059_3,114059,보도자료,document
DOC_115002_1,115002,이용자용통계정보보고서,document
DOC_115005_1,115005,이용자용통계정보보고서,document
DOC_115005_2,115005,간행물,document
DOC_115005_3,115005,보도자료,document
DOC_115007_1,115007,이용자용통계정보보고서,document
DOC_115007_2,115007,간행물,document
DOC_115010_1,115010,이용자용통계정보보고서,document
DOC_115010_2,115010,간행물,document
DOC_115012_1,115012,이용자용통계정보보고서,document
DOC_115015_1,115015,이용자용통계정보보고서,document
DOC_115015_2,115015,간행물,document
DOC_115015_3,115015,보도자료,document
DOC_115016_1,115016,이용자용통계정보보고서,document
DOC_115016_2,115016,간행물,document
DOC_115016_3,115016,보도자료,document
DOC_115018_1,115018,이용자용통계정보보고서,document
DOC_115018_2,115018,간행물,document
DOC_115019_1,115019,이용자용통계정보보고서,document
DOC_115019_2,115019,간행물,document
DOC_115020_1,115020,이용자용통계정보보고서,document
DOC_115020_3,115020,보도자료,document
DOC_115022_1,115022,이용자용통계정보보고서,document
DOC_115022_2,115022,간행물,document
DOC_115022_3,115022,보도자료,document
DOC_115023_1,115023,이용자용통계정보보고서,document
DOC_115023_3,115023,보도자료,document
DOC_115026_1,115026,이용자용통계정보보고서,document
DOC_115026_2,115026,간행물,document
DOC_115028_1,115028,이용자용통계정보보고서,document
DOC_115028_2,115028,간행물,document
DOC_115028_3,115028,보도자료,document
DOC_115029_1,115029,이용자용통계정보보고서,document
DOC_115029_2,115029,간행물,document
DOC_115029_3,115029,보도자료,document
DOC_115030_1,115030,이용자용통계정보보고서,document
DOC_115030_2,115030,간행물,document
DOC_115031_1,115031,이용자용통계정보보고서,document
DOC_115031_2,115031,간행물,document
DOC_115033_1,115033,이용자용통계정보보고서,document
DOC_115033_2,115033,간행물,document
DOC_115034_1,115034,이용자용통계정보보고서,document
DOC_115034_2,115034,간행물,document
DOC_115035_1,115035,이용자용통계정보보고서,document
DOC_115035_2,115035,간행물,document
DOC_115035_3,115035,보도자료,document
DOC_115036_4,115036,통계설명메타,document
DOC_115037_4,115037,통계설명메타,document
DOC_115038_2,115038,간행물,document
DOC_116004_1,116004,이용자용통계정보보고서,document
DOC_116004_3,116004,보도자료,document
DOC_116005_1,116005,이용자용통계정보보고서,document
DOC_116005_3,116005,보도자료,document
DOC_116006_1,116006,이용자용통계정보보고서,document
DOC_116007_1,116007,이용자용통계정보보고서,document
DOC_116010_1,116010,이용자용통계정보보고서,document
DOC_116011_1,116011,이용자용통계정보보고서,document
DOC_116013_4,116013,통계설명메타,document
DOC_116015_3,116015,보도자료,document
DOC_116015_4,116015,통계설명메타,document
DOC_116025_1,116025,이용자용통계정보보고서,document
DOC_116026_1,116026,이용자용통계정보보고서,document
DOC_116026_3,116026,보도자료,document
DOC_116027_1,116027,이용자용통계정보보고서,document
DOC_116027_2,116027,간행물,document
DOC_116028_1,116028,이용자용통계정보보고서,document
DOC_116029_4,116029,통계설명메타,document
DOC_116031_1,116031,이용자용통계정보보고서,document
DOC_116031_3,116031,보도자료,document
DOC_116034_1,116034,이용자용통계정보보고서,document
DOC_116035_4,116035,통계설명메타,document
DOC_116036_1,116036,이용자용통계정보보고서,document
DOC_116040_4,116040,통계설명메타,document
DOC_116042_4,116042,통계설명메타,document
DOC_116048_1,116048,이용자용통계정보보고서,document
DOC_116048_3,116048,보도자료,document
DOC_116049_1,116049,이용자용통계정보보고서,document
DOC_116050_1,116050,이용자용통계정보보고서,document
DOC_116063_4,116063,통계설명메타,document
DOC_116068_1,116068,이용자용통계정보보고서,document
DOC_116068_3,116068,보도자료,document
DOC_116069_1,116069,이용자용통계정보보고서,document
DOC_116069_2,116069,간행물,document
DOC_116070_1,116070,이용자용통계정보보고서,document
DOC_116070_2,116070,간행물,document
DOC_116070_3,116070,보도자료,document
DOC_116072_1,116072,이용자용통계정보보고서,document
DOC_116072_2,116072,간행물,document
DOC_116073_1,116073,이용자용통계정보보고서,document
DOC_116073_2,116073,간행물,document
DOC_116073_3,116073,보도자료,document
DOC_116074_4,116074,통계설명메타,document
DOC_116075_1,116075,이용자용통계정보보고서,document
DOC_116075_2,116075,간행물,document
DOC_116075_3,116075,보도자료,document
DOC_116076_2,116076,간행물,document
DOC_116077_4,116077,통계설명메타,document
DOC_117002_1,117002,이용자용통계정보보고서,document
DOC_117002_3,117002,보도자료,document
DOC_117014_1,117014,이용자용통계정보보고서,document
DOC_117019_4,117019,통계설명메타,document
DOC_117030_1,117030,이용자용통계정보보고서,document
DOC_117032_1,117032,이용자용통계정보보고서,document
DOC_117032_2,117032,간행물,document
DOC_117032_3,117032,보도자료,document
DOC_117034_1,117034,이용자용통계정보보고서,document
DOC_117035_1,117035,이용자용통계정보보고서,document
DOC_117035_2,117035,간행물,document
DOC_117035_3,117035,보도자료,document
DOC_117036_1,117036,이용자용통계정보보고서,document
DOC_117036_3,117036,보도자료,document
DOC_117040_4,117040,통계설명메타,document
DOC_117043_4,117043,통계설명메타,document
DOC_117044_1,117044,이용자용통계정보보고서,document
DOC_117044_2,117044,간행물,document
DOC_117044_3,117044,보도자료,document
DOC_117049_1,117049,이용자용통계정보보고서,document
DOC_117049_3,117049,보도자료,document
DOC_117050_1,117050,이용자용통계정보보고서,document
DOC_117050_2,117050,간행물,document
DOC_117050_3,117050,보도자료,document
DOC_117051_1,117051,이용자용통계정보보고서,document
DOC_117051_2,117051,간행물,document
DOC_117052_1,117052,이용자용통계정보보고서,document
DOC_117052_3,117052,보도자료,document
DOC_117058_1,117058,이용자용통계정보보고서,document
DOC_117058_2,117058,간행물,document
DOC_117058_3,117058,보도자료,document
DOC_117060_1,117060,이용자용통계정보보고서,document
DOC_117060_2,117060,간행물,document
DOC_117060_3,117060,보도자료,document
DOC_117061_1,117061,이용자용통계정보보고서,document
DOC_117061_3,117061,보도자료,document
DOC_117064_1,117064,이용자용통계정보보고서,document
DOC_117064_3,117064,보도자료,document
DOC_117067_1,117067,이용자용통계정보보고서,document
DOC_117067_2,117067,간행물,document
DOC_117067_3,117067,보도자료,document
DOC_117068_1,117068,이용자용통계정보보고서,document
DOC_117068_2,117068,간행물,document
DOC_117070_4,117070,통계설명메타,document
DOC_117071_1,117071,이용자용통계정보보고서,document
DOC_117071_2,117071,간행물,document
DOC_117071_3,117071,보도자료,document
DOC_117072_1,117072,이용자용통계정보보고서,document
DOC_117074_1,117074,이용자용통계정보보고서,document
DOC_117074_2,117074,간행물,document
DOC_117075_1,117075,이용자용통계정보보고서,document
DOC_117075_2,117075,간행물,document
DOC_117075_3,117075,보도자료,document
DOC_117077_1,117077,이용자용통계정보보고서,document
DOC_117077_3,117077,보도자료,document
DOC_117078_1,117078,이용자용통계정보보고서,document
DOC_117078_2,117078,간행물,document
DOC_117078_3,117078,보도자료,document
DOC_117079_1,117079,이용자용통계정보보고서,document
DOC_117079_2,117079,간행물,document
DOC_117079_3,117079,보도자료,document
DOC_117081_1,117081,이용자용통계정보보고서,document
DOC_117082_1,117082,이용자용통계정보보고서,document
DOC_117082_2,117082,간행물,document
DOC_117082_3,117082,보도자료,document
DOC_117085_3,117085,보도자료,document
DOC_117085_4,117085,통계설명메타,document
DOC_117087_1,117087,이용자용통계정보보고서,document
DOC_117087_2,117087,간행물,document
DOC_117087_3,117087,보도자료,document
DOC_117088_1,117088,이용자용통계정보보고서,document
DOC_117088_3,117088,보도자료,document
DOC_117093_1,117093,이용자용통계정보보고서,document
DOC_117093_3,117093,보도자료,document
DOC_117094_1,117094,이용자용통계정보보고서,document
DOC_117094_3,117094,보도자료,document
DOC_117097_1,117097,이용자용통계정보보고서,document
DOC_117098_1,117098,이용자용통계정보보고서,document
DOC_117098_2,117098,간행물,document
DOC_117099_1,117099,이용자용통계정보보고서,document
DOC_117099_2,117099,간행물,document
DOC_117099_3,117099,보도자료,document
DOC_117100_3,117100,보도자료,document
DOC_117100_4,117100,통계설명메타,document
DOC_117101_1,117101,이용자용통계정보보고서,document
DOC_117101_3,117101,보도자료,document
DOC_117102_4,117102,통계설명메타,document
DOC_117103_1,117103,이용자용통계정보보고서,document
DOC_117104_1,117104,이용자용통계정보보고서,document
DOC_117105_2,117105,간행물,document
DOC_117105_3,117105,보도자료,document
DOC_117106_3,117106,보도자료,document
DOC_117106_4,117106,통계설명메타,document
DOC_117107_1,117107,이용자용통계정보보고서,document
DOC_117108_3,117108,보도자료,document
DOC_117108_4,117108,통계설명메타,document
DOC_117109_2,117109,간행물,document
DOC_117110_3,117110,보도자료,document
DOC_117110_4,117110,통계설명메타,document
DOC_117111_3,117111,보도자료,document
DOC_117111_4,117111,통계설명메타,document
DOC_118002_1,118002,이용자용통계정보보고서,document
DOC_118002_3,118002,보도자료,document
DOC_118005_1,118005,이용자용통계정보보고서,document
DOC_118005_3,118005,보도자료,document
DOC_118006_1,118006,이용자용통계정보보고서,document
DOC_118006_3,118006,보도자료,document
DOC_118008_1,118008,이용자용통계정보보고서,document
DOC_118008_3,118008,보도자료,document
DOC_118009_1,118009,이용자용통계정보보고서,document
DOC_118009_2,118009,간행물,document
DOC_118011_1,118011,이용자용통계정보보고서,document
DOC_118019_1,118019,이용자용통계정보보고서,document
DOC_118019_3,118019,보도자료,document
DOC_118020_1,118020,이용자용통계정보보고서,document
DOC_118020_2,118020,간행물,document
DOC_118020_3,118020,보도자료,document
DOC_118021_1,118021,이용자용통계정보보고서,document
DOC_118021_2,118021,간행물,document
DOC_118024_1,118024,이용자용통계정보보고서,document
DOC_118024_2,118024,간행물,document
DOC_118024_3,118024,보도자료,document
DOC_118026_1,118026,이용자용통계정보보고서,document
DOC_118027_1,118027,이용자용통계정보보고서,document
DOC_118030_1,118030,이용자용통계정보보고서,document
DOC_118030_3,118030,보도자료,document
DOC_118031_1,118031,이용자용통계정보보고서,document
DOC_118040_1,118040,이용자용통계정보보고서,document
DOC_118040_2,118040,간행물,document
DOC_118041_1,118041,이용자용통계정보보고서,document
DOC_118041_2,118041,간행물,document
DOC_118042_1,118042,이용자용통계정보보고서,document
DOC_118044_4,118044,통계설명메타,document
DOC_118045_1,118045,이용자용통계정보보고서,document
DOC_118045_2,118045,간행물,document
DOC_120002_4,120002,통계설명메타,document
DOC_120005_1,120005,이용자용통계정보보고서,document
DOC_120005_2,120005,간행물,document
DOC_120005_3,120005,보도자료,document
DOC_120007_1,120007,이용자용통계정보보고서,document
DOC_120007_2,120007,간행물,document
DOC_120008_1,120008,이용자용통계정보보고서,document
DOC_120008_2,120008,간행물,document
DOC_120008_3,120008,보도자료,document
DOC_120017_1,120017,이용자용통계정보보고서,document
DOC_120017_2,120017,간행물,document
DOC_120017_3,120017,보도자료,document
DOC_120019_1,120019,이용자용통계정보보고서,document
DOC_120019_2,120019,간행물,document
DOC_120019_3,120019,보도자료,document
DOC_120021_1,120021,이용자용통계정보보고서,document
DOC_120021_3,120021,보도자료,document
DOC_122009_4,122009,통계설명메타,document
DOC_123004_1,123004,이용자용통계정보보고서,document
DOC_123009_4,123009,통계설명메타,document
DOC_123010_4,123010,통계설명메타,document
DOC_123011_1,123011,이용자용통계정보보고서,document
DOC_123013_1,123013,이용자용통계정보보고서,document
DOC_123013_3,123013,보도자료,document
DOC_123016_1,123016,이용자용통계정보보고서,document
DOC_123018_4,123018,통계설명메타,document
DOC_123019_1,123019,이용자용통계정보보고서,document
DOC_123020_1,123020,이용자용통계정보보고서,document
DOC_123020_3,123020,보도자료,document
DOC_123021_1,123021,이용자용통계정보보고서,document
DOC_123022_1,123022,이용자용통계정보보고서,document
DOC_123022_3,123022,보도자료,document
DOC_123023_1,123023,이용자용통계정보보고서,document
DOC_123023_3,123023,보도자료,document
DOC_123029_4,123029,통계설명메타,document
DOC_123030_1,123030,이용자용통계정보보고서,document
DOC_123030_3,123030,보도자료,document
DOC_123032_1,123032,이용자용통계정보보고서,document
DOC_123034_4,123034,통계설명메타,document
DOC_127001_1,127001,이용자용통계정보보고서,document
DOC_127001_2,127001,간행물,document
DOC_127001_3,127001,보도자료,document
DOC_127002_1,127002,이용자용통계정보보고서,document
DOC_127002_2,127002,간행물,document
DOC_127003_4,127003,통계설명메타,document
DOC_127004_1,127004,이용자용통계정보보고서,document
DOC_127004_2,127004,간행물,document
DOC_127004_3,127004,보도자료,document
DOC_127005_1,127005,이용자용통계정보보고서,document
DOC_127005_2,127005,간행물,document
DOC_127006_1,127006,이용자용통계정보보고서,document
DOC_127006_2,127006,간행물,document
DOC_127006_3,127006,보도자료,document
DOC_127007_1,127007,이용자용통계정보보고서,document
DOC_127007_2,127007,간행물,document
DOC_127008_1,127008,이용자용통계정보보고서,document
DOC_127009_1,127009,이용자용통계정보보고서,document
DOC_127009_2,127009,간행물,document
DOC_127010_1,127010,이용자용통계정보보고서,document
DOC_127010_2,127010,간행물,document
DOC_127011_1,127011,이용자용통계정보보고서,document
DOC_127011_2,127011,간행물,document
DOC_127011_3,127011,보도자료,document
DOC_127012_1,127012,이용자용통계정보보고서,document
DOC_127012_2,127012,간행물,document
DOC_127013_1,127013,이용자용통계정보보고서,document
DOC_127013_3,127013,보도자료,document
DOC_127014_1,127014,이용자용통계정보보고서,document
DOC_127015_1,127015,이용자용통계정보보고서,document
DOC_127016_1,127016,이용자용통계정보보고서,document
DOC_127016_2,127016,간행물,document
DOC_127017_2,127017,간행물,document
DOC_127018_2,127018,간행물,document
DOC_127018_3,127018,보도자료,document
DOC_127019_2,127019,간행물,document
DOC_127020_3,127020,보도자료,document
DOC_127020_4,127020,통계설명메타,document
DOC_127021_2,127021,간행물,document
DOC_127021_3,127021,보도자료,document
DOC_129001_1,129001,이용자용통계정보보고서,document
DOC_129001_2,129001,간행물,document
DOC_131003_1,131003,이용자용통계정보보고서,document
DOC_131003_3,131003,보도자료,document
DOC_132001_1,132001,이용자용통계정보보고서,document
DOC_132002_1,132002,이용자용통계정보보고서,document
DOC_132004_1,132004,이용자용통계정보보고서,document
DOC_133001_1,133001,이용자용통계정보보고서,document
DOC_133001_3,133001,보도자료,document
DOC_134001_1,134001,이용자용통계정보보고서,document
DOC_134002_1,134002,이용자용통계정보보고서,document
DOC_134004_1,134004,이용자용통계정보보고서,document
DOC_134004_3,134004,보도자료,document
DOC_134005_1,134005,이용자용통계정보보고서,document
DOC_134006_3,134006,보도자료,document
DOC_134006_4,134006,통계설명메타,document
DOC_134007_4,134007,통계설명메타,document
DOC_135001_1,135001,이용자용통계정보보고서,document
DOC_136001_1,136001,이용자용통계정보보고서,document
DOC_136001_2,136001,간행물,document
DOC_136005_1,136005,이용자용통계정보보고서,document
DOC_136005_3,136005,보도자료,document
DOC_136006_1,136006,이용자용통계정보보고서,document
DOC_136006_2,136006,간행물,document
DOC_136014_1,136014,이용자용통계정보보고서,document
DOC_136022_1,136022,이용자용통계정보보고서,document
DOC_136022_2,136022,간행물,document
DOC_136022_3,136022,보도자료,document
DOC_136023_1,136023,이용자용통계정보보고서,document
DOC_136023_2,136023,간행물,document
DOC_136023_3,136023,보도자료,document
DOC_136025_1,136025,이용자용통계정보보고서,document
DOC_136025_3,136025,보도자료,document
DOC_136033_1,136033,이용자용통계정보보고서,document
DOC_136033_2,136033,간행물,document
DOC_136033_3,136033,보도자료,document
DOC_136034_1,136034,이용자용통계정보보고서,document
DOC_136034_2,136034,간행물,document
DOC_136034_3,136034,보도자료,document
DOC_136035_4,136035,통계설명메타,document
DOC_136036_2,136036,간행물,document
DOC_136036_3,136036,보도자료,document
DOC_136037_2,136037,간행물,document
DOC_136038_2,136038,간행물,document
DOC_138001_1,138001,이용자용통계정보보고서,document
DOC_138002_1,138002,이용자용통계정보보고서,document
DOC_138002_2,138002,간행물,document
DOC_141001_1,141001,이용자용통계정보보고서,document
DOC_141002_4,141002,통계설명메타,document
DOC_141003_4,141003,통계설명메타,document
DOC_142001_1,142001,이용자용통계정보보고서,document
DOC_142001_2,142001,간행물,document
DOC_142001_3,142001,보도자료,document
DOC_142003_1,142003,이용자용통계정보보고서,document
DOC_142003_2,142003,간행물,document
DOC_142003_3,142003,보도자료,document
DOC_142004_1,142004,이용자용통계정보보고서,document
DOC_142004_2,142004,간행물,document
DOC_142006_1,142006,이용자용통계정보보고서,document
DOC_142006_2,142006,간행물,document
DOC_142006_3,142006,보도자료,document
DOC_142009_3,142009,보도자료,document
DOC_142009_4,142009,통계설명메타,document
DOC_142011_1,142011,이용자용통계정보보고서,document
DOC_142011_3,142011,보도자료,document
DOC_142014_1,142014,이용자용통계정보보고서,document
DOC_142014_2,142014,간행물,document
DOC_142015_1,142015,이용자용통계정보보고서,document
DOC_142015_2,142015,간행물,document
DOC_142015_3,142015,보도자료,document
DOC_142016_1,142016,이용자용통계정보보고서,document
DOC_142016_2,142016,간행물,document
DOC_142017_1,142017,이용자용통계정보보고서,document
DOC_142017_2,142017,간행물,document
DOC_142017_3,142017,보도자료,document
DOC_142018_1,142018,이용자용통계정보보고서,document
DOC_142018_2,142018,간행물,document
DOC_142019_2,142019,간행물,document
DOC_142019_3,142019,보도자료,document
DOC_142020_3,142020,보도자료,document
DOC_142020_4,142020,통계설명메타,document
DOC_142021_1,142021,이용자용통계정보보고서,document
DOC_142021_2,142021,간행물,document
DOC_142021_3,142021,보도자료,document
DOC_143002_1,143002,이용자용통계정보보고서,document
DOC_143002_3,143002,보도자료,document
DOC_143003_1,143003,이용자용통계정보보고서,document
DOC_143003_3,143003,보도자료,document
DOC_143004_1,143004,이용자용통계정보보고서,document
DOC_143005_2,143005,간행물,document
DOC_144001_1,144001,이용자용통계정보보고서,document
DOC_145003_1,145003,이용자용통계정보보고서,document
DOC_145003_2,145003,간행물,document
DOC_145003_3,145003,보도자료,document
DOC_145004_1,145004,이용자용통계정보보고서,document
DOC_145005_1,145005,이용자용통계정보보고서,document
DOC_145007_1,145007,이용자용통계정보보고서,document
DOC_145007_2,145007,간행물,document
DOC_145007_3,145007,보도자료,document
DOC_145008_1,145008,이용자용통계정보보고서,document
DOC_145008_3,145008,보도자료,document
DOC_145009_3,145009,보도자료,document
DOC_145009_4,145009,통계설명메타,document
DOC_145010_4,145010,통계설명메타,document
DOC_145011_3,145011,보도자료,document
DOC_145011_4,145011,통계설명메타,document
DOC_145012_4,145012,통계설명메타,document
DOC_145013_3,145013,보도자료,document
DOC_145013_4,145013,통계설명메타,document
DOC_145014_4,145014,통계설명메타,document
DOC_146002_1,146002,이용자용통계정보보고서,document
DOC_146004_2,146004,간행물,document
DOC_146005_3,146005,보도자료,document
DOC_146005_4,146005,통계설명메타,document
DOC_146006_4,146006,통계설명메타,document
DOC_146007_2,146007,간행물,document
DOC_146008_4,146008,통계설명메타,document
DOC_150002_1,150002,이용자용통계정보보고서,document
DOC_150002_3,150002,보도자료,document
DOC_150004_2,150004,간행물,document
DOC_152001_1,152001,이용자용통계정보보고서,document
DOC_152001_3,152001,보도자료,document
DOC_152005_1,152005,이용자용통계정보보고서,document
DOC_152005_3,152005,보도자료,document
DOC_152009_2,152009,간행물,document
DOC_154001_1,154001,이용자용통계정보보고서,document
DOC_154001_3,154001,보도자료,document
DOC_154004_4,154004,통계설명메타,document
DOC_154007_1,154007,이용자용통계정보보고서,document
DOC_154007_2,154007,간행물,document
DOC_154010_1,154010,이용자용통계정보보고서,document
DOC_154010_2,154010,간행물,document
DOC_154010_3,154010,보도자료,document
DOC_154011_1,154011,이용자용통계정보보고서,document
DOC_154011_2,154011,간행물,document
DOC_154012_1,154012,이용자용통계정보보고서,document
DOC_154012_2,154012,간행물,document
DOC_154013_1,154013,이용자용통계정보보고서,document
DOC_154013_2,154013,간행물,document
DOC_154013_3,154013,보도자료,document
DOC_154016_1,154016,이용자용통계정보보고서,document
DOC_154016_3,154016,보도자료,document
DOC_154017_1,154017,이용자용통계정보보고서,document
DOC_154017_2,154017,간행물,document
DOC_154018_1,154018,이용자용통계정보보고서,document
DOC_154018_2,154018,간행물,document
DOC_154018_3,154018,보도자료,document
DOC_154019_1,154019,이용자용통계정보보고서,document
DOC_154019_3,154019,보도자료,document
DOC_154020_1,154020,이용자용통계정보보고서,document
DOC_154020_2,154020,간행물,document
DOC_154020_3,154020,보도자료,document
DOC_154021_1,154021,이용자용통계정보보고서,document
DOC_154021_3,154021,보도자료,document
DOC_154022_4,154022,통계설명메타,document
DOC_154023_4,154023,통계설명메타,document
DOC_155007_1,155007,이용자용통계정보보고서,document
DOC_156001_1,156001,이용자용통계정보보고서,document
DOC_156002_1,156002,이용자용통계정보보고서,document
DOC_156002_3,156002,보도자료,document
DOC_156003_1,156003,이용자용통계정보보고서,document
DOC_156006_1,156006,이용자용통계정보보고서,document
DOC_156008_1,156008,이용자용통계정보보고서,document
DOC_156010_1,156010,이용자용통계정보보고서,document
DOC_156010_2,156010,간행물,document
DOC_163001_1,163001,이용자용통계정보보고서,document
DOC_163001_2,163001,간행물,document
DOC_163001_3,163001,보도자료,document
DOC_163002_1,163002,이용자용통계정보보고서,document
DOC_164002_1,164002,이용자용통계정보보고서,document
DOC_164002_2,164002,간행물,document
DOC_164002_3,164002,보도자료,document
DOC_164003_2,164003,간행물,document
DOC_164003_3,164003,보도자료,document
DOC_164004_2,164004,간행물,document
DOC_164004_3,164004,보도자료,document
DOC_167001_1,167001,이용자용통계정보보고서,document
DOC_167001_3,167001,보도자료,document
DOC_170002_2,170002,간행물,document
DOC_170002_3,170002,보도자료,document
DOC_175001_1,175001,이용자용통계정보보고서,document
DOC_175001_2,175001,간행물,document
DOC_177001_2,177001,간행물,document
DOC_179001_2,179001,간행물,document
DOC_201003_4,201003,통계설명메타,document
DOC_201004_4,201004,통계설명메타,document
DOC_201005_2,201005,간행물,document
DOC_201009_4,201009,통계설명메타,document
DOC_201011_2,201011,간행물,document
DOC_201012_4,201012,통계설명메타,document
DOC_201013_2,201013,간행물,document
DOC_201014_2,201014,간행물,document
DOC_201016_4,201016,통계설명메타,document
DOC_201017_2,201017,간행물,document
DOC_202001_2,202001,간행물,document
DOC_202002_4,202002,통계설명메타,document
DOC_202003_4,202003,통계설명메타,document
DOC_202004_2,202004,간행물,document
DOC_202005_2,202005,간행물,document
DOC_202005_3,202005,보도자료,document
DOC_202009_2,202009,간행물,document
DOC_202010_4,202010,통계설명메타,document
DOC_202011_2,202011,간행물,document
DOC_202012_2,202012,간행물,document
DOC_202012_3,202012,보도자료,document
DOC_202013_2,202013,간행물,document
DOC_202014_4,202014,통계설명메타,document
DOC_202015_2,202015,간행물,document
DOC_202017_3,202017,보도자료,document
DOC_202017_4,202017,통계설명메타,document
DOC_202018_2,202018,간행물,document
DOC_202019_2,202019,간행물,document
DOC_202020_2,202020,간행물,document
DOC_202021_2,202021,간행물,document
DOC_202022_2,202022,간행물,document
DOC_202022_3,202022,보도자료,document
DOC_203001_4,203001,통계설명메타,document
DOC_203002_4,203002,통계설명메타,document
DOC_203003_4,203003,통계설명메타,document
DOC_203004_4,203004,통계설명메타,document
DOC_203006_4,203006,통계설명메타,document
DOC_203008_2,203008,간행물,document
DOC_203009_2,203009,간행물,document
DOC_203010_4,203010,통계설명메타,document
DOC_203011_2,203011,간행물,document
DOC_203012_2,203012,간행물,document
DOC_203013_4,203013,통계설명메타,document
DOC_204001_4,204001,통계설명메타,document
DOC_204002_4,204002,통계설명메타,document
DOC_204003_2,204003,간행물,document
DOC_204007_4,204007,통계설명메타,document
DOC_204008_4,204008,통계설명메타,document
DOC_204009_4,204009,통계설명메타,document
DOC_204010_2,204010,간행물,document
DOC_204011_3,204011,보도자료,document
DOC_204011_4,204011,통계설명메타,document
DOC_204012_3,204012,보도자료,document
DOC_204012_4,204012,통계설명메타,document
DOC_204013_2,204013,간행물,document
DOC_204013_3,204013,보도자료,document
DOC_204014_3,204014,보도자료,document
DOC_204014_4,204014,통계설명메타,document
DOC_204015_2,204015,간행물,document
DOC_205001_4,205001,통계설명메타,document
DOC_205003_4,205003,통계설명메타,document
DOC_205004_2,205004,간행물,document
DOC_205006_2,205006,간행물,document
DOC_205008_2,205008,간행물,document
DOC_205009_4,205009,통계설명메타,document
DOC_205010_4,205010,통계설명메타,document
DOC_205011_2,205011,간행물,document
DOC_205012_2,205012,간행물,document
DOC_205012_3,205012,보도자료,document
DOC_206002_4,206002,통계설명메타,document
DOC_206003_4,206003,통계설명메타,document
DOC_206004_2,206004,간행물,document
DOC_206004_3,206004,보도자료,document
DOC_206006_3,206006,보도자료,document
DOC_206006_4,206006,통계설명메타,document
DOC_206007_4,206007,통계설명메타,document
DOC_206009_2,206009,간행물,document
DOC_206010_4,206010,통계설명메타,document
DOC_206011_2,206011,간행물,document
DOC_206012_2,206012,간행물,document
DOC_206013_4,206013,통계설명메타,document
DOC_207002_4,207002,통계설명메타,document
DOC_207003_4,207003,통계설명메타,document
DOC_207004_4,207004,통계설명메타,document
DOC_207005_4,207005,통계설명메타,document
DOC_207006_4,207006,통계설명메타,document
DOC_207007_4,207007,통계설명메타,document
DOC_207008_4,207008,통계설명메타,document
DOC_207009_2,207009,간행물,document
DOC_207010_2,207010,간행물,document
DOC_208001_2,208001,간행물,document
DOC_208002_4,208002,통계설명메타,document
DOC_208003_4,208003,통계설명메타,document
DOC_208004_2,208004,간행물,document
DOC_208006_2,208006,간행물,document
DOC_208007_3,208007,보도자료,document
DOC_208007_4,208007,통계설명메타,document
DOC_208008_4,208008,통계설명메타,document
DOC_208009_4,208009,통계설명메타,document
DOC_210001_2,210001,간행물,document
DOC_210002_4,210002,통계설명메타,document
DOC_210003_4,210003,통계설명메타,document
DOC_210004_2,210004,간행물,document
DOC_210005_2,210005,간행물,document
DOC_210007_2,210007,간행물,document
DOC_210008_4,210008,통계설명메타,document
DOC_210010_4,210010,통계설명메타,document
DOC_210011_2,210011,간행물,document
DOC_210012_4,210012,통계설명메타,document
DOC_210013_2,210013,간행물,document
DOC_210013_3,210013,보도자료,document
DOC_210015_2,210015,간행물,document
DOC_211004_3,211004,보도자료,document
DOC_211004_4,211004,통계설명메타,document
DOC_211008_2,211008,간행물,document
DOC_211008_3,211008,보도자료,document
DOC_211009_4,211009,통계설명메타,document
DOC_211010_4,211010,통계설명메타,document
DOC_211011_4,211011,통계설명메타,document
DOC_211012_4,211012,통계설명메타,document
DOC_212002_4,212002,통계설명메타,document
DOC_212003_3,212003,보도자료,document
DOC_212003_4,212003,통계설명메타,document
DOC_212004_3,212004,보도자료,document
DOC_212004_4,212004,통계설명메타,document
DOC_212005_2,212005,간행물,document
DOC_212005_3,212005,보도자료,document
DOC_212006_4,212006,통계설명메타,document
DOC_212007_4,212007,통계설명메타,document
DOC_212008_2,212008,간행물,document
DOC_213003_4,213003,통계설명메타,document
DOC_213004_2,213004,간행물,document
DOC_213007_4,213007,통계설명메타,document
DOC_213008_2,213008,간행물,document
DOC_213009_4,213009,통계설명메타,document
DOC_213011_4,213011,통계설명메타,document
DOC_213013_4,213013,통계설명메타,document
DOC_213014_2,213014,간행물,document
DOC_213014_3,213014,보도자료,document
DOC_213015_2,213015,간행물,document
DOC_214002_4,214002,통계설명메타,document
DOC_214003_2,214003,간행물,document
DOC_214004_4,214004,통계설명메타,document
DOC_214006_2,214006,간행물,document
DOC_214007_2,214007,간행물,document
DOC_214009_4,214009,통계설명메타,document
DOC_214010_4,214010,통계설명메타,document
DOC_215002_4,215002,통계설명메타,document
DOC_215003_4,215003,통계설명메타,document
DOC_215004_4,215004,통계설명메타,document
DOC_215005_2,215005,간행물,document
DOC_215006_4,215006,통계설명메타,document
DOC_215007_4,215007,통계설명메타,document
DOC_215008_4,215008,통계설명메타,document
DOC_216003_4,216003,통계설명메타,document
DOC_216004_2,216004,간행물,document
DOC_216005_4,216005,통계설명메타,document
DOC_216006_2,216006,간행물,document
DOC_216009_4,216009,통계설명메타,document
DOC_216010_3,216010,보도자료,document
DOC_216010_4,216010,통계설명메타,document
DOC_216011_4,216011,통계설명메타,document
DOC_216012_4,216012,통계설명메타,document
DOC_216013_4,216013,통계설명메타,document
DOC_216014_3,216014,보도자료,document
DOC_216014_4,216014,통계설명메타,document
DOC_217001_2,217001,간행물,document
DOC_217001_3,217001,보도자료,document
DOC_217003_4,217003,통계설명메타,document
DOC_217004_4,217004,통계설명메타,document
DOC_217005_4,217005,통계설명메타,document
DOC_217008_2,217008,간행물,document
DOC_217009_4,217009,통계설명메타,document
DOC_218002_4,218002,통계설명메타,document
DOC_218003_4,218003,통계설명메타,document
DOC_218004_4,218004,통계설명메타,document
DOC_218005_4,218005,통계설명메타,document
DOC_218006_2,218006,간행물,document
DOC_218007_2,218007,간행물,document
DOC_218010_2,218010,간행물,document
DOC_218010_3,218010,보도자료,document
DOC_218011_3,218011,보도자료,document
DOC_218011_4,218011,통계설명메타,document
DOC_218012_4,218012,통계설명메타,document
DOC_218014_2,218014,간행물,document
DOC_218015_3,218015,보도자료,document
DOC_218015_4,218015,통계설명메타,document
DOC_218016_2,218016,간행물,document
DOC_218016_3,218016,보도자료,document
DOC_301001_1,301001,이용자용통계정보보고서,document
DOC_301001_3,301001,보도자료,document
DOC_301002_1,301002,이용자용통계정보보고서,document
DOC_301002_3,301002,보도자료,document
DOC_301004_1,301004,이용자용통계정보보고서,document
DOC_301004_3,301004,보도자료,document
DOC_301006_1,301006,이용자용통계정보보고서,document
DOC_301006_3,301006,보도자료,document
DOC_301008_1,301008,이용자용통계정보보고서,document
DOC_301008_3,301008,보도자료,document
DOC_301009_1,301009,이용자용통계정보보고서,document
DOC_301009_3,301009,보도자료,document
DOC_301010_1,301010,이용자용통계정보보고서,document
DOC_301010_3,301010,보도자료,document
DOC_301011_1,301011,이용자용통계정보보고서,document
DOC_301011_3,301011,보도자료,document
DOC_301018_1,301018,이용자용통계정보보고서,document
DOC_301018_3,301018,보도자료,document
DOC_301019_1,301019,이용자용통계정보보고서,document
DOC_301019_2,301019,간행물,document
DOC_301020_1,301020,이용자용통계정보보고서,document
DOC_301020_3,301020,보도자료,document
DOC_301021_1,301021,이용자용통계정보보고서,document
DOC_301021_3,301021,보도자료,document
DOC_301022_1,301022,이용자용통계정보보고서,document
DOC_301022_3,301022,보도자료,document
DOC_301023_1,301023,이용자용통계정보보고서,document
DOC_301024_1,301024,이용자용통계정보보고서,document
DOC_301024_3,301024,보도자료,document
DOC_301025_3,301025,보도자료,document
DOC_301025_4,301025,통계설명메타,document
DOC_302001_1,302001,이용자용통계정보보고서,document
DOC_302001_2,302001,간행물,document
DOC_302001_3,302001,보도자료,document
DOC_303003_1,303003,이용자용통계정보보고서,document
DOC_303003_2,303003,간행물,document
DOC_303005_3,303005,보도자료,document
DOC_303005_4,303005,통계설명메타,document
DOC_304004_1,304004,이용자용통계정보보고서,document
DOC_304004_3,304004,보도자료,document
DOC_306001_1,306001,이용자용통계정보보고서,document
DOC_306001_2,306001,간행물,document
DOC_306001_3,306001,보도자료,document
DOC_307001_1,307001,이용자용통계정보보고서,document
DOC_307001_2,307001,간행물,document
DOC_307002_1,307002,이용자용통계정보보고서,document
DOC_307002_2,307002,간행물,document
DOC_309002_1,309002,이용자용통계정보보고서,document
DOC_309002_2,309002,간행물,document
DOC_310002_1,310002,이용자용통계정보보고서,document
DOC_310002_2,310002,간행물,document
DOC_311001_1,311001,이용자용통계정보보고서,document
DOC_313001_1,313001,이용자용통계정보보고서,document
DOC_314001_1,314001,이용자용통계정보보고서,document
DOC_314001_2,314001,간행물,document
DOC_314002_1,314002,이용자용통계정보보고서,document
DOC_314002_2,314002,간행물,document
DOC_314004_1,314004,이용자용통계정보보고서,document
DOC_315001_1,315001,이용자용통계정보보고서,document
DOC_315002_1,315002,이용자용통계정보보고서,document
DOC_315002_3,315002,보도자료,document
DOC_315003_1,315003,이용자용통계정보보고서,document
DOC_318001_1,318001,이용자용통계정보보고서,document
DOC_318001_3,318001,보도자료,document
DOC_318002_1,318002,이용자용통계정보보고서,document
DOC_318002_3,318002,보도자료,document
DOC_321001_1,321001,이용자용통계정보보고서,document
DOC_321003_1,321003,이용자용통계정보보고서,document
DOC_321003_3,321003,보도자료,document
DOC_322001_1,322001,이용자용통계정보보고서,document
DOC_322001_2,322001,간행물,document
DOC_322002_1,322002,이용자용통계정보보고서,document
DOC_322002_3,322002,보도자료,document
DOC_323001_1,323001,이용자용통계정보보고서,document
DOC_323001_3,323001,보도자료,document
DOC_325001_1,325001,이용자용통계정보보고서,document
DOC_325001_3,325001,보도자료,document
DOC_326001_1,326001,이용자용통계정보보고서,document
DOC_326001_3,326001,보도자료,document
DOC_327003_1,327003,이용자용통계정보보고서,document
DOC_327005_1,327005,이용자용통계정보보고서,document
DOC_327005_2,327005,간행물,document
DOC_328001_1,328001,이용자용통계정보보고서,document
DOC_329001_1,329001,이용자용통계정보보고서,document
DOC_329001_2,329001,간행물,document
DOC_329004_1,329004,이용자용통계정보보고서,document
DOC_329004_2,329004,간행물,document
DOC_331001_1,331001,이용자용통계정보보고서,document
DOC_331007_1,331007,이용자용통계정보보고서,document
DOC_331007_2,331007,간행물,document
DOC_331009_1,331009,이용자용통계정보보고서,document
DOC_331009_2,331009,간행물,document
DOC_334001_1,334001,이용자용통계정보보고서,document
DOC_334001_3,334001,보도자료,document
DOC_334006_1,334006,이용자용통계정보보고서,document
DOC_334006_3,334006,보도자료,document
DOC_334009_1,334009,이용자용통계정보보고서,document
DOC_334010_1,334010,이용자용통계정보보고서,document
DOC_336001_1,336001,이용자용통계정보보고서,document
DOC_336002_1,336002,이용자용통계정보보고서,document
DOC_336002_2,336002,간행물,document
DOC_336003_1,336003,이용자용통계정보보고서,document
DOC_337001_1,337001,이용자용통계정보보고서,document
DOC_337001_2,337001,간행물,document
DOC_337002_1,337002,이용자용통계정보보고서,document
DOC_337003_1,337003,이용자용통계정보보고서,document
DOC_337003_2,337003,간행물,document
DOC_337004_1,337004,이용자용통계정보보고서,document
DOC_338001_1,338001,이용자용통계정보보고서,document
DOC_338001_2,338001,간행물,document
DOC_339001_1,339001,이용자용통계정보보고서,document
DOC_339002_1,339002,이용자용통계정보보고서,document
DOC_340005_1,340005,이용자용통계정보보고서,document
DOC_340005_2,340005,간행물,document
DOC_340005_3,340005,보도자료,document
DOC_340006_1,340006,이용자용통계정보보고서,document
DOC_340006_2,340006,간행물,document
DOC_341001_1,341001,이용자용통계정보보고서,document
DOC_341001_2,341001,간행물,document
DOC_342004_1,342004,이용자용통계정보보고서,document
DOC_342004_2,342004,간행물,document
DOC_342005_1,342005,이용자용통계정보보고서,document
DOC_342005_2,342005,간행물,document
DOC_342005_3,342005,보도자료,document
DOC_343001_1,343001,이용자용통계정보보고서,document
DOC_344001_1,344001,이용자용통계정보보고서,document
DOC_344001_3,344001,보도자료,document
DOC_344002_1,344002,이용자용통계정보보고서,document
DOC_344002_2,344002,간행물,document
DOC_348001_1,348001,이용자용통계정보보고서,document
DOC_350003_1,350003,이용자용통계정보보고서,document
DOC_350004_1,350004,이용자용통계정보보고서,document
DOC_350005_1,350005,이용자용통계정보보고서,document
DOC_350005_2,350005,간행물,document
DOC_350005_3,350005,보도자료,document
DOC_350006_1,350006,이용자용통계정보보고서,document
DOC_350006_3,350006,보도자료,document
DOC_350007_1,350007,이용자용통계정보보고서,document
DOC_350007_3,350007,보도자료,document
DOC_354002_1,354002,이용자용통계정보보고서,document
DOC_354002_3,354002,보도자료,document
DOC_354003_3,354003,보도자료,document
DOC_354004_2,354004,간행물,document
DOC_354005_4,354005,통계설명메타,document
DOC_354006_4,354006,통계설명메타,document
DOC_355001_1,355001,이용자용통계정보보고서,document
DOC_357001_1,357001,이용자용통계정보보고서,document
DOC_358004_2,358004,간행물,document
DOC_358004_3,358004,보도자료,document
DOC_358005_2,358005,간행물,document
DOC_360002_1,360002,이용자용통계정보보고서,document
DOC_360005_1,360005,이용자용통계정보보고서,document
DOC_360007_1,360007,이용자용통계정보보고서,document
DOC_363001_1,363001,이용자용통계정보보고서,document
DOC_365001_1,365001,이용자용통계정보보고서,document
DOC_365001_2,365001,간행물,document
DOC_365002_1,365002,이용자용통계정보보고서,document
DOC_365002_2,365002,간행물,document
DOC_365003_1,365003,이용자용통계정보보고서,document
DOC_365003_2,365003,간행물,document
DOC_365004_1,365004,이용자용통계정보보고서,document
DOC_365004_2,365004,간행물,document
DOC_365005_1,365005,이용자용통계정보보고서,document
DOC_365005_2,365005,간행물,document
DOC_366001_1,366001,이용자용통계정보보고서,document
DOC_367001_1,367001,이용자용통계정보보고서,document
DOC_367001_2,367001,간행물,document
DOC_367001_3,367001,보도자료,document
DOC_369001_1,369001,이용자용통계정보보고서,document
DOC_370001_1,370001,이용자용통계정보보고서,document
DOC_370002_1,370002,이용자용통계정보보고서,document
DOC_370003_1,370003,이용자용통계정보보고서,document
DOC_370003_3,370003,보도자료,document
DOC_372001_1,372001,이용자용통계정보보고서,document
DOC_372001_2,372001,간행물,document
DOC_372002_1,372002,이용자용통계정보보고서,document
DOC_372002_2,372002,간행물,document
DOC_373001_1,373001,이용자용통계정보보고서,document
DOC_373002_1,373002,이용자용통계정보보고서,document
DOC_373002_2,373002,간행물,document
DOC_375001_1,375001,이용자용통계정보보고서,document
DOC_375001_3,375001,보도자료,document
DOC_377001_1,377001,이용자용통계정보보고서,document
DOC_377001_2,377001,간행물,document
DOC_378001_1,378001,이용자용통계정보보고서,document
DOC_378001_2,378001,간행물,document
DOC_380002_1,380002,이용자용통계정보보고서,document
DOC_380002_2,380002,간행물,document
DOC_380002_3,380002,보도자료,document
DOC_380003_1,380003,이용자용통계정보보고서,document
DOC_380003_2,380003,간행물,document
DOC_380004_1,380004,이용자용통계정보보고서,document
DOC_380004_2,380004,간행물,document
DOC_383002_1,383002,이용자용통계정보보고서,document
DOC_383002_2,383002,간행물,document
DOC_383003_1,383003,이용자용통계정보보고서,document
DOC_383003_2,383003,간행물,document
DOC_383004_1,383004,이용자용통계정보보고서,document
DOC_383004_2,383004,간행물,document
DOC_383005_2,383005,간행물,document
DOC_385001_1,385001,이용자용통계정보보고서,document
DOC_385001_2,385001,간행물,document
DOC_386001_1,386001,이용자용통계정보보고서,document
DOC_387004_1,387004,이용자용통계정보보고서,document
DOC_387004_3,387004,보도자료,document
DOC_388001_1,388001,이용자용통계정보보고서,document
DOC_388001_2,388001,간행물,document
DOC_388003_1,388003,이용자용통계정보보고서,document
DOC_388003_3,388003,보도자료,document
DOC_388004_1,388004,이용자용통계정보보고서,document
DOC_388004_3,388004,보도자료,document
DOC_389002_1,389002,이용자용통계정보보고서,document
DOC_389002_2,389002,간행물,document
DOC_389002_3,389002,보도자료,document
DOC_389003_1,389003,이용자용통계정보보고서,document
DOC_389003_3,389003,보도자료,document
DOC_390002_1,390002,이용자용통계정보보고서,document
DOC_390002_3,390002,보도자료,document
DOC_392001_1,392001,이용자용통계정보보고서,document
DOC_392001_2,392001,간행물,document
DOC_392003_1,392003,이용자용통계정보보고서,document
DOC_392003_2,392003,간행물,document
DOC_392004_1,392004,이용자용통계정보보고서,document
DOC_392004_2,392004,간행물,document
DOC_392004_3,392004,보도자료,document
DOC_392005_1,392005,이용자용통계정보보고서,document
DOC_392005_2,392005,간행물,document
DOC_393001_1,393001,이용자용통계정보보고서,document
DOC_393001_2,393001,간행물,document
DOC_393001_3,393001,보도자료,document
DOC_395001_1,395001,이용자용통계정보보고서,document
DOC_395001_2,395001,간행물,document
DOC_395002_1,395002,이용자용통계정보보고서,document
DOC_395002_2,395002,간행물,document
DOC_395002_3,395002,보도자료,document
DOC_397001_1,397001,이용자용통계정보보고서,document
DOC_397001_3,397001,보도자료,document
DOC_398001_1,398001,이용자용통계정보보고서,document
DOC_398001_2,398001,간행물,document
DOC_399002_1,399002,이용자용통계정보보고서,document
DOC_399002_2,399002,간행물,document
DOC_399003_1,399003,이용자용통계정보보고서,document
DOC_399003_2,399003,간행물,document
DOC_399004_1,399004,이용자용통계정보보고서,document
DOC_399004_2,399004,간행물,document
DOC_402001_1,402001,이용자용통계정보보고서,document
DOC_402001_2,402001,간행물,document
DOC_402002_1,402002,이용자용통계정보보고서,document
DOC_402002_2,402002,간행물,document
DOC_402003_1,402003,이용자용통계정보보고서,document
DOC_402003_2,402003,간행물,document
DOC_403001_1,403001,이용자용통계정보보고서,document
DOC_405001_1,405001,이용자용통계정보보고서,document
DOC_405001_2,405001,간행물,document
DOC_408001_1,408001,이용자용통계정보보고서,document
DOC_408001_2,408001,간행물,document
DOC_408001_3,408001,보도자료,document
DOC_408002_1,408002,이용자용통계정보보고서,document
DOC_408002_2,408002,간행물,document
DOC_408002_3,408002,보도자료,document
DOC_408003_4,408003,통계설명메타,document
DOC_408004_4,408004,통계설명메타,document
DOC_409001_1,409001,이용자용통계정보보고서,document
DOC_410001_1,410001,이용자용통계정보보고서,document
DOC_410001_2,410001,간행물,document
DOC_411001_1,411001,이용자용통계정보보고서,document
DOC_411002_2,411002,간행물,document
DOC_412001_1,412001,이용자용통계정보보고서,document
DOC_412001_3,412001,보도자료,document
DOC_413001_1,413001,이용자용통계정보보고서,document
DOC_413001_2,413001,간행물,document
DOC_413001_3,413001,보도자료,document
DOC_413002_2,413002,간행물,document
DOC_413002_3,413002,보도자료,document
DOC_414001_2,414001,간행물,document
DOC_414002_4,414002,통계설명메타,document
DOC_415001_1,415001,이용자용통계정보보고서,document
DOC_417001_1,417001,이용자용통계정보보고서,document
DOC_417001_2,417001,간행물,document
DOC_417001_3,417001,보도자료,document
DOC_417002_1,417002,이용자용통계정보보고서,document
DOC_417002_2,417002,간행물,document
DOC_418001_2,418001,간행물,document
DOC_420001_1,420001,이용자용통계정보보고서,document
DOC_421001_1,421001,이용자용통계정보보고서,document
DOC_422001_1,422001,이용자용통계정보보고서,document
DOC_422002_3,422002,보도자료,document
DOC_422002_4,422002,통계설명메타,document
DOC_423002_1,423002,이용자용통계정보보고서,document
DOC_423002_2,423002,간행물,document
DOC_424001_1,424001,이용자용통계정보보고서,document
DOC_424001_2,424001,간행물,document
DOC_426001_2,426001,간행물,document
DOC_426001_3,426001,보도자료,document
DOC_426002_3,426002,보도자료,document
DOC_426002_4,426002,통계설명메타,document
DOC_426003_1,426003,이용자용통계정보보고서,document
DOC_427001_1,427001,이용자용통계정보보고서,document
DOC_427001_2,427001,간행물,document
DOC_428001_2,428001,간행물,document
DOC_429001_1,429001,이용자용통계정보보고서,document
DOC_429001_2,429001,간행물,document
DOC_430001_1,430001,이용자용통계정보보고서,document
DOC_430001_2,430001,간행물,document
DOC_431001_3,431001,보도자료,document
DOC_431001_4,431001,통계설명메타,document
DOC_432001_4,432001,통계설명메타,document
DOC_433001_1,433001,이용자용통계정보보고서,document
DOC_433001_2,433001,간행물,document
DOC_433001_3,433001,보도자료,document
DOC_434001_4,434001,통계설명메타,document
DOC_435001_4,435001,통계설명메타,document
DOC_436001_4,436001,통계설명메타,document
DOC_437001_1,437001,이용자용통계정보보고서,document
DOC_437001_2,437001,간행물,document
DOC_438001_1,438001,이용자용통계정보보고서,document
DOC_438001_2,438001,간행물,document
DOC_439001_1,439001,이용자용통계정보보고서,document
DOC_439001_2,439001,간행물,document
DOC_439002_4,439002,통계설명메타,document
DOC_440001_4,440001,통계설명메타,document
DOC_441001_2,441001,간행물,document
DOC_442001_1,442001,이용자용통계정보보고서,document
DOC_442001_2,442001,간행물,document
DOC_443001_4,443001,통계설명메타,document
DOC_444001_4,444001,통계설명메타,document
DOC_445001_2,445001,간행물,document
DOC_445001_3,445001,보도자료,document
DOC_447001_4,447001,통계설명메타,document
DOC_448001_1,448001,이용자용통계정보보고서,document
DOC_448001_2,448001,간행물,document
DOC_449001_2,449001,간행물,document
DOC_450001_1,450001,이용자용통계정보보고서,document
DOC_450001_2,450001,간행물,document
DOC_451001_1,451001,이용자용통계정보보고서,document
DOC_451001_2,451001,간행물,document
DOC_451001_3,451001,보도자료,document
DOC_452001_3,452001,보도자료,document
DOC_452001_4,452001,통계설명메타,document
DOC_455001_1,455001,이용자용통계정보보고서,document
DOC_456001_1,456001,이용자용통계정보보고서,document
DOC_456001_2,456001,간행물,document
DOC_459001_2,459001,간행물,document
DOC_459001_3,459001,보도자료,document
DOC_461001_4,461001,통계설명메타,document
DOC_462001_2,462001,간행물,document
DOC_463001_2,463001,간행물,document
DOC_464001_2,464001,간행물,document
DOC_464001_3,464001,보도자료,document
DOC_465001_4,465001,통계설명메타,document
DOC_501002_4,501002,통계설명메타,document
DOC_502001_4,502001,통계설명메타,document
DOC_502003_2,502003,간행물,document
DOC_503001_4,503001,통계설명메타,document
DOC_504001_4,504001,통계설명메타,document
DOC_505001_4,505001,통계설명메타,document
DOC_506001_4,506001,통계설명메타,document
DOC_507001_4,507001,통계설명메타,document
DOC_508001_4,508001,통계설명메타,document
DOC_508002_4,508002,통계설명메타,document
DOC_509001_4,509001,통계설명메타,document
DOC_510001_4,510001,통계설명메타,document
DOC_510002_4,510002,통계설명메타,document
DOC_511001_4,511001,통계설명메타,document
DOC_512001_4,512001,통계설명메타,document
DOC_512002_2,512002,간행물,document
DOC_513001_4,513001,통계설명메타,document
DOC_513002_2,513002,간행물,document
DOC_513003_4,513003,통계설명메타,document
DOC_514001_2,514001,간행물,document
DOC_514002_4,514002,통계설명메타,document
DOC_515001_4,515001,통계설명메타,document
DOC_516001_4,516001,통계설명메타,document
DOC_516002_4,516002,통계설명메타,document
DOC_517001_4,517001,통계설명메타,document
DOC_518001_4,518001,통계설명메타,document
DOC_519001_4,519001,통계설명메타,document
DOC_520001_4,520001,통계설명메타,document
DOC_521001_4,521001,통계설명메타,document
DOC_522001_4,522001,통계설명메타,document
DOC_522002_2,522002,간행물,document
DOC_522002_3,522002,보도자료,document
DOC_523002_4,523002,통계설명메타,document
DOC_524002_4,524002,통계설명메타,document
DOC_525001_4,525001,통계설명메타,document
DOC_531001_4,531001,통계설명메타,document
DOC_532001_4,532001,통계설명메타,document
DOC_533001_4,533001,통계설명메타,document
DOC_534001_4,534001,통계설명메타,document
DOC_535001_4,535001,통계설명메타,document
DOC_536001_4,536001,통계설명메타,document
DOC_537001_4,537001,통계설명메타,document
DOC_538001_4,538001,통계설명메타,document
DOC_539002_4,539002,통계설명메타,document
DOC_541001_4,541001,통계설명메타,document
DOC_542001_4,542001,통계설명메타,document
DOC_543001_4,543001,통계설명메타,document
DOC_543002_2,543002,간행물,document
DOC_544001_4,544001,통계설명메타,document
DOC_545001_4,545001,통계설명메타,document
DOC_546001_4,546001,통계설명메타,document
DOC_551001_4,551001,통계설명메타,document
DOC_552001_4,552001,통계설명메타,document
DOC_553001_4,553001,통계설명메타,document
DOC_554001_4,554001,통계설명메타,document
DOC_555001_4,555001,통계설명메타,document
DOC_556001_4,556001,통계설명메타,document
DOC_557001_4,557001,통계설명메타,document
DOC_558001_4,558001,통계설명메타,document
DOC_561001_4,561001,통계설명메타,document
DOC_562001_4,562001,통계설명메타,document
DOC_563001_4,563001,통계설명메타,document
DOC_564001_4,564001,통계설명메타,document
DOC_565001_4,565001,통계설명메타,document
DOC_566001_4,566001,통계설명메타,document
DOC_567001_4,567001,통계설명메타,document
DOC_568001_4,568001,통계설명메타,document
DOC_568002_4,568002,통계설명메타,document
DOC_569001_4,569001,통계설명메타,document
DOC_570001_4,570001,통계설명메타,document
DOC_581001_4,581001,통계설명메타,document
DOC_582001_4,582001,통계설명메타,document
DOC_583001_4,583001,통계설명메타,document
DOC_584001_4,584001,통계설명메타,document
DOC_585001_4,585001,통계설명메타,document
DOC_585002_2,585002,간행물,document
DOC_591001_4,591001,통계설명메타,document
DOC_592001_4,592001,통계설명메타,document
DOC_593001_4,593001,통계설명메타,document
DOC_594002_4,594002,통계설명메타,document
DOC_595001_4,595001,통계설명메타,document
DOC_601001_4,601001,통계설명메타,document
DOC_602001_4,602001,통계설명메타,document
DOC_603001_4,603001,통계설명메타,document
DOC_604001_4,604001,통계설명메타,document
DOC_605001_4,605001,통계설명메타,document
DOC_605002_4,605002,통계설명메타,document
DOC_605003_4,605003,통계설명메타,document
DOC_605005_2,605005,간행물,document
DOC_611002_4,611002,통계설명메타,document
DOC_611003_2,611003,간행물,document
DOC_611006_2,611006,간행물,document
DOC_611008_2,611008,간행물,document
DOC_612001_4,612001,통계설명메타,document
DOC_612002_2,612002,간행물,document
DOC_612003_4,612003,통계설명메타,document
DOC_612004_2,612004,간행물,document
DOC_612005_3,612005,보도자료,document
DOC_612005_4,612005,통계설명메타,document
DOC_613001_4,613001,통계설명메타,document
DOC_613002_2,613002,간행물,document
DOC_613003_4,613003,통계설명메타,document
DOC_614001_4,614001,통계설명메타,document
DOC_614002_2,614002,간행물,document
DOC_614004_4,614004,통계설명메타,document
DOC_615001_2,615001,간행물,document
DOC_615002_2,615002,간행물,document
DOC_615003_4,615003,통계설명메타,document
DOC_615004_4,615004,통계설명메타,document
DOC_616001_4,616001,통계설명메타,document
DOC_616002_2,616002,간행물,document
DOC_617001_4,617001,통계설명메타,document
DOC_617002_2,617002,간행물,document
DOC_617003_4,617003,통계설명메타,document
DOC_617004_2,617004,간행물,document
DOC_618001_4,618001,통계설명메타,document
DOC_618002_2,618002,간행물,document
DOC_618003_4,618003,통계설명메타,document
DOC_619001_4,619001,통계설명메타,document
DOC_619002_2,619002,간행물,document
DOC_619004_4,619004,통계설명메타,document
DOC_620002_4,620002,통계설명메타,document
DOC_620003_2,620003,간행물,document
DOC_620004_2,620004,간행물,document
DOC_620005_4,620005,통계설명메타,document
DOC_620006_2,620006,간행물,document
DOC_620007_2,620007,간행물,document
DOC_621001_4,621001,통계설명메타,document
DOC_621002_2,621002,간행물,document
DOC_622001_4,622001,통계설명메타,document
DOC_622002_2,622002,간행물,document
DOC_622003_2,622003,간행물,document
DOC_623001_4,623001,통계설명메타,document
DOC_623002_2,623002,간행물,document
DOC_623003_2,623003,간행물,document
DOC_624002_2,624002,간행물,document
DOC_624004_2,624004,간행물,document
DOC_625001_4,625001,통계설명메타,document
DOC_625002_4,625002,통계설명메타,document
DOC_625003_2,625003,간행물,document
DOC_625005_2,625005,간행물,document
DOC_626002_2,626002,간행물,document
DOC_626003_2,626003,간행물,document
DOC_627001_4,627001,통계설명메타,document
DOC_627002_2,627002,간행물,document
DOC_627003_4,627003,통계설명메타,document
DOC_628001_4,628001,통계설명메타,document
DOC_628002_2,628002,간행물,document
DOC_628003_4,628003,통계설명메타,document
DOC_628004_2,628004,간행물,document
DOC_629001_2,629001,간행물,document
DOC_629002_4,629002,통계설명메타,document
DOC_629003_2,629003,간행물,document
DOC_629004_4,629004,통계설명메타,document
DOC_630001_4,630001,통계설명메타,document
DOC_630002_2,630002,간행물,document
DOC_630004_2,630004,간행물,document
DOC_630005_2,630005,간행물,document
DOC_631001_4,631001,통계설명메타,document
DOC_631002_2,631002,간행물,document
DOC_631003_4,631003,통계설명메타,document
DOC_632001_4,632001,통계설명메타,document
DOC_632002_2,632002,간행물,document
DOC_632003_4,632003,통계설명메타,document
DOC_633001_4,633001,통계설명메타,document
DOC_633002_2,633002,간행물,document
DOC_633003_4,633003,통계설명메타,document
DOC_633004_4,633004,통계설명메타,document
DOC_633006_2,633006,간행물,document
DOC_634001_4,634001,통계설명메타,document
DOC_634002_2,634002,간행물,document
DOC_634003_4,634003,통계설명메타,document
DOC_635001_2,635001,간행물,document
DOC_635002_4,635002,통계설명메타,document
DOC_635004_2,635004,간행물,document
DOC_635005_2,635005,간행물,document
DOC_635006_4,635006,통계설명메타,document
DOC_636001_4,636001,통계설명메타,document
DOC_636002_2,636002,간행물,document
DOC_637001_4,637001,통계설명메타,document
DOC_637002_2,637002,간행물,document
DOC_637003_4,637003,통계설명메타,document
DOC_637005_4,637005,통계설명메타,document
DOC_638001_4,638001,통계설명메타,document
DOC_638002_2,638002,간행물,document
DOC_638003_2,638003,간행물,document
DOC_639001_4,639001,통계설명메타,document
DOC_639002_2,639002,간행물,document
DOC_639003_4,639003,통계설명메타,document
DOC_639004_4,639004,통계설명메타,document
DOC_640001_4,640001,통계설명메타,document
DOC_640002_2,640002,간행물,document
DOC_640003_2,640003,간행물,document
DOC_641001_4,641001,통계설명메타,document
DOC_641002_2,641002,간행물,document
DOC_641003_2,641003,간행물,document
DOC_641004_4,641004,통계설명메타,document
DOC_651001_4,651001,통계설명메타,document
DOC_651002_2,651002,간행물,document
DOC_651004_2,651004,간행물,document
DOC_651005_2,651005,간행물,document
DOC_651006_2,651006,간행물,document
DOC_651006_3,651006,보도자료,document
DOC_651007_2,651007,간행물,document
DOC_652001_4,652001,통계설명메타,document
DOC_652002_4,652002,통계설명메타,document
DOC_652003_4,652003,통계설명메타,document
DOC_652004_2,652004,간행물,document
DOC_652005_4,652005,통계설명메타,document
DOC_653002_4,653002,통계설명메타,document
DOC_654001_4,654001,통계설명메타,document
DOC_654002_2,654002,간행물,document
DOC_654003_2,654003,간행물,document
DOC_655002_2,655002,간행물,document
DOC_655003_4,655003,통계설명메타,document
DOC_656001_4,656001,통계설명메타,document
DOC_656002_4,656002,통계설명메타,document
DOC_657001_4,657001,통계설명메타,document
DOC_657002_2,657002,간행물,document
DOC_658001_4,658001,통계설명메타,document
DOC_658002_2,658002,간행물,document
DOC_659001_4,659001,통계설명메타,document
DOC_659002_4,659002,통계설명메타,document
DOC_660001_4,660001,통계설명메타,document
DOC_660002_4,660002,통계설명메타,document
DOC_661001_4,661001,통계설명메타,document
DOC_661002_4,661002,통계설명메타,document
DOC_662001_4,662001,통계설명메타,document
DOC_662002_4,662002,통계설명메타,document
DOC_663001_4,663001,통계설명메타,document
DOC_663002_4,663002,통계설명메타,document
DOC_664001_4,664001,통계설명메타,document
DOC_664002_2,664002,간행물,document
DOC_665001_4,665001,통계설명메타,document
DOC_665002_2,665002,간행물,document
DOC_666002_4,666002,통계설명메타,document
DOC_667001_4,667001,통계설명메타,document
DOC_667002_2,667002,간행물,document
DOC_668001_4,668001,통계설명메타,document
DOC_668002_4,668002,통계설명메타,document
DOC_671001_4,671001,통계설명메타,document
DOC_671003_2,671003,간행물,document
DOC_671004_4,671004,통계설명메타,document
DOC_672001_4,672001,통계설명메타,document
DOC_672003_2,672003,간행물,document
DOC_673001_4,673001,통계설명메타,document
DOC_673003_2,673003,간행물,document
DOC_675001_4,675001,통계설명메타,document
DOC_675002_4,675002,통계설명메타,document
DOC_676001_4,676001,통계설명메타,document
DOC_676002_2,676002,간행물,document
DOC_677001_4,677001,통계설명메타,document
DOC_677002_4,677002,통계설명메타,document
DOC_678001_4,678001,통계설명메타,document
DOC_678002_2,678002,간행물,document
DOC_679001_4,679001,통계설명메타,document
DOC_680001_4,680001,통계설명메타,document
DOC_680002_2,680002,간행물,document
DOC_681001_4,681001,통계설명메타,document
DOC_682001_4,682001,통계설명메타,document
DOC_682002_2,682002,간행물,document
DOC_691001_4,691001,통계설명메타,document
DOC_691003_2,691003,간행물,document
DOC_691004_4,691004,통계설명메타,document
DOC_691005_4,691005,통계설명메타,document
DOC_691006_4,691006,통계설명메타,document
DOC_691007_2,691007,간행물,document
DOC_691008_2,691008,간행물,document
DOC_692001_4,692001,통계설명메타,document
DOC_692002_2,692002,간행물,document
DOC_692003_2,692003,간행물,document
DOC_693001_4,693001,통계설명메타,document
DOC_693002_4,693002,통계설명메타,document
DOC_693003_4,693003,통계설명메타,document
DOC_693004_4,693004,통계설명메타,document
DOC_693005_2,693005,간행물,document
DOC_694001_4,694001,통계설명메타,document
DOC_694004_2,694004,간행물,document
DOC_694006_4,694006,통계설명메타,document
DOC_694007_4,694007,통계설명메타,document
DOC_694008_4,694008,통계설명메타,document
DOC_695001_4,695001,통계설명메타,document
DOC_695003_4,695003,통계설명메타,document
DOC_695004_4,695004,통계설명메타,document
DOC_695005_4,695005,통계설명메타,document
DOC_695006_4,695006,통계설명메타,document
DOC_696001_4,696001,통계설명메타,document
DOC_696003_4,696003,통계설명메타,document
DOC_696004_2,696004,간행물,document
DOC_696005_2,696005,간행물,document
DOC_697002_4,697002,통계설명메타,document
DOC_697003_4,697003,통계설명메타,document
DOC_697004_2,697004,간행물,document
DOC_698001_4,698001,통계설명메타,document
DOC_698002_4,698002,통계설명메타,document
DOC_698003_4,698003,통계설명메타,document
DOC_700001_4,700001,통계설명메타,document
DOC_700003_2,700003,간행물,document
DOC_700004_2,700004,간행물,document
DOC_701001_4,701001,통계설명메타,document
DOC_701002_2,701002,간행물,document
DOC_701003_2,701003,간행물,document
DOC_702001_4,702001,통계설명메타,document
DOC_702003_4,702003,통계설명메타,document
DOC_702004_2,702004,간행물,document
DOC_702005_2,702005,간행물,document
DOC_703001_4,703001,통계설명메타,document
DOC_703002_4,703002,통계설명메타,document
DOC_703003_2,703003,간행물,document
DOC_704002_2,704002,간행물,document
DOC_704003_4,704003,통계설명메타,document
DOC_705002_4,705002,통계설명메타,document
DOC_705003_4,705003,통계설명메타,document
DOC_705004_2,705004,간행물,document
DOC_705005_2,705005,간행물,document
DOC_706001_4,706001,통계설명메타,document
DOC_706002_2,706002,간행물,document
DOC_706003_4,706003,통계설명메타,document
DOC_706004_4,706004,통계설명메타,document
DOC_706005_2,706005,간행물,document
DOC_711004_4,711004,통계설명메타,document
DOC_711005_2,711005,간행물,document
DOC_711006_2,711006,간행물,document
DOC_711007_4,711007,통계설명메타,document
DOC_711008_2,711008,간행물,document
DOC_712001_4,712001,통계설명메타,document
DOC_712003_2,712003,간행물,document
DOC_713001_4,713001,통계설명메타,document
DOC_713002_2,713002,간행물,document
DOC_714001_4,714001,통계설명메타,document
DOC_715001_4,715001,통계설명메타,document
DOC_715002_2,715002,간행물,document
DOC_715002_3,715002,보도자료,document
DOC_715003_2,715003,간행물,document
DOC_716001_4,716001,통계설명메타,document
DOC_717001_4,717001,통계설명메타,document
DOC_717002_4,717002,통계설명메타,document
DOC_717003_4,717003,통계설명메타,document
DOC_718001_4,718001,통계설명메타,document
DOC_719001_4,719001,통계설명메타,document
DOC_719002_2,719002,간행물,document
DOC_720001_4,720001,통계설명메타,document
DOC_721001_4,721001,통계설명메타,document
DOC_722001_4,722001,통계설명메타,document
DOC_723001_4,723001,통계설명메타,document
DOC_723002_4,723002,통계설명메타,document
DOC_724001_4,724001,통계설명메타,document
DOC_731001_4,731001,통계설명메타,document
DOC_731002_2,731002,간행물,document
DOC_732001_4,732001,통계설명메타,document
DOC_732003_4,732003,통계설명메타,document
DOC_732004_4,732004,통계설명메타,document
DOC_732005_3,732005,보도자료,document
DOC_732005_4,732005,통계설명메타,document
DOC_733001_4,733001,통계설명메타,document
DOC_733003_2,733003,간행물,document
DOC_733004_2,733004,간행물,document
DOC_733004_3,733004,보도자료,document
DOC_734001_4,734001,통계설명메타,document
DOC_734004_2,734004,간행물,document
DOC_734005_2,734005,간행물,document
DOC_735003_4,735003,통계설명메타,document
DOC_735004_4,735004,통계설명메타,document
DOC_735005_2,735005,간행물,document
DOC_736003_4,736003,통계설명메타,document
DOC_736005_4,736005,통계설명메타,document
DOC_737001_4,737001,통계설명메타,document
DOC_737002_4,737002,통계설명메타,document
DOC_737003_3,737003,보도자료,document
DOC_737003_4,737003,통계설명메타,document
DOC_738001_4,738001,통계설명메타,document
DOC_739001_4,739001,통계설명메타,document
DOC_739002_2,739002,간행물,document
DOC_740001_4,740001,통계설명메타,document
DOC_740002_4,740002,통계설명메타,document
DOC_741001_4,741001,통계설명메타,document
DOC_741002_2,741002,간행물,document
DOC_742001_4,742001,통계설명메타,document
DOC_742003_2,742003,간행물,document
DOC_743001_4,743001,통계설명메타,document
DOC_743002_2,743002,간행물,document
DOC_744001_4,744001,통계설명메타,document
DOC_744002_2,744002,간행물,document
DOC_745001_4,745001,통계설명메타,document
DOC_745002_2,745002,간행물,document
DOC_746001_4,746001,통계설명메타,document
DOC_746002_4,746002,통계설명메타,document
DOC_747001_4,747001,통계설명메타,document
DOC_748001_4,748001,통계설명메타,document
DOC_749001_4,749001,통계설명메타,document
DOC_750001_4,750001,통계설명메타,document
DOC_750002_2,750002,간행물,document
DOC_750003_3,750003,보도자료,document
DOC_750003_4,750003,통계설명메타,document
DOC_751001_4,751001,통계설명메타,document
DOC_752001_4,752001,통계설명메타,document
DOC_761001_4,761001,통계설명메타,document
DOC_761003_2,761003,간행물,document
DOC_761004_2,761004,간행물,document
DOC_762001_4,762001,통계설명메타,document
DOC_762002_2,762002,간행물,document
DOC_762003_2,762003,간행물,document
DOC_763001_4,763001,통계설명메타,document
DOC_763003_2,763003,간행물,document
DOC_764001_4,764001,통계설명메타,document
DOC_764002_2,764002,간행물,document
DOC_764003_4,764003,통계설명메타,document
DOC_765001_4,765001,통계설명메타,document
DOC_765002_2,765002,간행물,document
DOC_766001_4,766001,통계설명메타,document
DOC_766002_2,766002,간행물,document
DOC_767001_4,767001,통계설명메타,document
DOC_767002_2,767002,간행물,document
DOC_767003_2,767003,간행물,document
DOC_768001_4,768001,통계설명메타,document
DOC_768002_2,768002,간행물,document
DOC_769001_4,769001,통계설명메타,document
DOC_769002_2,769002,간행물,document
DOC_770001_4,770001,통계설명메타,document
DOC_770002_2,770002,간행물,document
DOC_770005_4,770005,통계설명메타,document
DOC_770006_2,770006,간행물,document
DOC_771001_4,771001,통계설명메타,document
DOC_772001_4,772001,통계설명메타,document
DOC_772002_2,772002,간행물,document
DOC_773002_4,773002,통계설명메타,document
DOC_773003_2,773003,간행물,document
DOC_774001_4,774001,통계설명메타,document
DOC_774002_2,774002,간행물,document
DOC_775001_4,775001,통계설명메타,document
DOC_775002_2,775002,간행물,document
DOC_775003_4,775003,통계설명메타,document
DOC_776001_4,776001,통계설명메타,document
DOC_776002_2,776002,간행물,document
DOC_777001_4,777001,통계설명메타,document
DOC_777002_2,777002,간행물,document
DOC_778001_4,778001,통계설명메타,document
DOC_778002_2,778002,간행물,document
DOC_779001_4,779001,통계설명메타,document
DOC_779002_2,779002,간행물,document
DOC_780001_4,780001,통계설명메타,document
DOC_780002_2,780002,간행물,document
DOC_781001_4,781001,통계설명메타,document
DOC_781002_2,781002,간행물,document
DOC_782002_4,782002,통계설명메타,document
DOC_782004_2,782004,간행물,document
DOC_783001_4,783001,통계설명메타,document
DOC_783002_2,783002,간행물,document
DOC_791004_4,791004,통계설명메타,document
DOC_791005_4,791005,통계설명메타,document
DOC_791006_2,791006,간행물,document
DOC_791007_2,791007,간행물,document
DOC_791008_2,791008,간행물,document
DOC_791009_2,791009,간행물,document
DOC_793002_4,793002,통계설명메타,document
DOC_795001_4,795001,통계설명메타,document
DOC_796001_4,796001,통계설명메타,document
DOC_797001_4,797001,통계설명메타,document
DOC_797003_4,797003,통계설명메타,document
DOC_797004_4,797004,통계설명메타,document
DOC_797005_2,797005,간행물,document
DOC_797006_4,797006,통계설명메타,document
DOC_798001_4,798001,통계설명메타,document
DOC_799001_4,799001,통계설명메타,document
DOC_799003_4,799003,통계설명메타,document
DOC_800001_4,800001,통계설명메타,document
DOC_800003_2,800003,간행물,document
DOC_801001_4,801001,통계설명메타,document
DOC_802004_2,802004,간행물,document
DOC_803001_4,803001,통계설명메타,document
DOC_803003_2,803003,간행물,document
DOC_804001_4,804001,통계설명메타,document
DOC_804003_4,804003,통계설명메타,document
DOC_804004_2,804004,간행물,document
DOC_804005_4,804005,통계설명메타,document
DOC_804006_2,804006,간행물,document
DOC_805001_4,805001,통계설명메타,document
DOC_805004_4,805004,통계설명메타,document
DOC_805005_2,805005,간행물,document
DOC_806001_4,806001,통계설명메타,document
DOC_807001_4,807001,통계설명메타,document
DOC_808001_4,808001,통계설명메타,document
DOC_808003_2,808003,간행물,document
DOC_810001_4,810001,통계설명메타,document
DOC_810003_4,810003,통계설명메타,document
DOC_920005_1,920005,이용자용통계정보보고서,document
DOC_920006_1,920006,이용자용통계정보보고서,document
DOC_920009_1,920009,이용자용통계정보보고서,document
DOC_920009_2,920009,간행물,document
DOC_920009_3,920009,보도자료,document
DOC_920010_1,920010,이용자용통계정보보고서,document
DOC_920010_2,920010,간행물,document
DOC_920010_3,920010,보도자료,document
DOC_920011_1,920011,이용자용통계정보보고서,document
DOC_920011_3,920011,보도자료,document
DOC_920012_1,920012,이용자용통계정보보고서,document
DOC_920012_2,920012,간행물,document
DOC_920013_1,920013,이용자용통계정보보고서,document
DOC_920013_2,920013,간행물,document
DOC_920013_3,920013,보도자료,document
DOC_920014_1,920014,이용자용통계정보보고서,document
DOC_920014_2,920014,간행물,document
DOC_920014_3,920014,보도자료,document
DOC_920015_3,920015,보도자료,document
DOC_920015_4,920015,통계설명메타,document
DOC_920016_1,920016,이용자용통계정보보고서,document
DOC_920017_3,920017,보도자료,document
DOC_920017_4,920017,통계설명메타,document
DOC_920018_1,920018,이용자용통계정보보고서,document
DOC_920018_3,920018,보도자료,document
DOC_920019_1,920019,이용자용통계정보보고서,document
DOC_920019_2,920019,간행물,document
DOC_920019_3,920019,보도자료,document
DOC_920021_1,920021,이용자용통계정보보고서,document
DOC_920021_2,920021,간행물,document
DOC_920023_2,920023,간행물,document
DOC_920023_3,920023,보도자료,document
DOC_920024_1,920024,이용자용통계정보보고서,document
DOC_920024_3,920024,보도자료,document
DOC_920026_1,920026,이용자용통계정보보고서,document
DOC_920026_2,920026,간행물,document
DOC_920028_1,920028,이용자용통계정보보고서,document
DOC_920028_3,920028,보도자료,document
DOC_930001_1,930001,이용자용통계정보보고서,document
DOC_930001_3,930001,보도자료,document
DOC_930002_1,930002,이용자용통계정보보고서,document
DOC_930002_3,930002,보도자료,document
DOC_930003_1,930003,이용자용통계정보보고서,document
