SURVEY_ID,SURVEY_NM,DOMAIN_ID,INSTITUTION_ID,COLLECTION_GRADE,REGION_STAT,LABEL
169003,방위산업실태조사,범죄·안전,방위사업청,4,False,survey
117112,장기등기증및이식통계,보건,보건복지부,4,False,survey
127022,이공계석박사추적조사,과학·기술,과학기술정보통신부,4,False,survey
652005,원주시사회보장수급대상통계,복지,강원특별자치도 원주시,4,True,survey
702005,홍성군청년통계,사회일반,충청남도 홍성군,3,True,survey
701003,청양군청년통계,사회일반,충청남도 청양군,3,True,survey
741002,화순군청년통계,사회일반,전라남도 화순군,3,True,survey
734005,나주시청년통계,사회일반,전라남도 나주시,3,True,survey
177001,심뇌혈관질환발생통계,보건,질병관리청,3,False,survey
696005,논산시아동복지통계,복지,충청남도 논산시,3,True,survey
216014,경상북도노인등록통계,복지,경상북도,4,True,survey
213015,충청남도다문화·외국인가구통계,사회일반,충청남도,3,True,survey
146008,국가해안선조사,국토이용,해양수산부,4,False,survey
743002,강진군청년통계,사회일반,전라남도 강진군,3,True,survey
731002,목포시청년통계,사회일반,전라남도 목포시,3,True,survey
204015,인천광역시소상공인통계,경제일반·경기,인천광역시,3,True,survey
150004,문화재산업조사,문화.여가,문화재청,3,False,survey
303005,중소기업경기동행종합지수,경제일반·경기,중소기업은행,4,False,survey
201018,서울특별시아동종합실태조사,복지,서울특별시,4,True,survey
605005,울주군영유아통계,보건,울산광역시 울주군,3,True,survey
413002,어린이미디어이용조사,문화.여가,한국언론진흥재단,3,False,survey
213014,충청남도도민인권의식실태조사,사회일반,충청남도,3,True,survey
116077,부동산서비스산업실태조사,경제일반·경기,국토교통부,4,False,survey
806003,하동군청년사회경제실태조사,경제일반·경기,경상남도 하동군,4,True,survey
633006,김포시다문화·외국인가구통계,사회일반,경기도 김포시,3,True,survey
468001,지원.보호아동및자립준비청년패널조사,복지,아동권리보장원,4,False,survey
211012,강원특별자치도청년통계,사회일반,강원특별자치도,4,True,survey
791009,창원시고령자통계,복지,경상남도 창원시,3,True,survey
651007,춘천시주거실태조사,주거,강원특별자치도 춘천시,3,True,survey
621003,과천시주거실태조사,주거,경기도 과천시,4,True,survey
127021,디지털산업실태조사,정보통신,과학기술정보통신부,3,False,survey
101093,소득이동통계,소득·소비·자산,통계청,4,False,survey
202022,부산광역시장노년통계,인구,부산광역시,3,True,survey
115038,수소산업실태조사,에너지,산업통상자원부,3,False,survey
632004,안성시주거실태조사,주거,경기도 안성시,4,True,survey
136038,산림산업조사,경제일반·경기,산림청,3,False,survey
680002,음성군경제지표조사,경제일반·경기,충청북도 음성군,3,True,survey
127020,디지털크리에이터미디어산업실태조사,정보통신,과학기술정보통신부,4,False,survey
746002,무안군일자리종합실태조사,노동,전라남도 무안군,4,True,survey
804006,고성군청년사회경제실태조사,경제일반·경기,경상남도 고성군,3,True,survey
715003,남원시일자리인식실태조사,노동,전북특별자치도 남원시,3,True,survey
115037,중견기업수출동향,무역·국제수지,산업통상자원부,4,False,survey
114059,축산환경조사,경제일반·경기,농림축산식품부,4,False,survey
739002,고흥군귀농귀촌실태조사,농림,전라남도 고흥군,3,True,survey
408004,외국인주택소유현황,소득·소비·자산,한국부동산원,4,False,survey
146007,어촌계현황조사,수산,해양수산부,3,False,survey
740002,보성군청년통계,사회일반,전라남도 보성군,4,True,survey
146006,낚시어선어획량조사,농림,해양수산부,4,False,survey
682002,증평군1인가구통계,주거,충청북도 증평군,3,True,survey
117111,고독사발생현황,사회일반,보건복지부,4,False,survey
202021,부산광역시청년통계,사회일반,부산광역시,3,True,survey
652004,원주시청년통계,사회일반,강원특별자치도 원주시,3,True,survey
691008,천안시다문화외국인가구통계,인구,충청남도 천안시,3,True,survey
202020,부산광역시소상공인통계,경제일반·경기,부산광역시,3,True,survey
465001,압류재산공매낙찰통계,금융,한국자산관리공사,4,False,survey
204014,인천광역시다문화·외국인가구통계,사회일반,인천광역시,4,True,survey
115036,중견기업경기전망조사,경제일반·경기,산업통상자원부,4,False,survey
114058,한식산업실태조사,농림,농림축산식품부,3,False,survey
464001,노인일자리및사회활동지원사업실태조사,인구,한국노인인력개발원,3,False,survey
920025,성인역량조사,교육·훈련,교육부,4,False,survey
164004,지능정보사회이용자패널조사,정보통신,방송통신위원회,3,False,survey
463001,자동차튜닝산업실태조사,기업경영,(사)한국자동차튜닝산업협회,3,False,survey
620007,고양시평생학습도시지표조사,교육·훈련,경기도 고양시,3,True,survey
179001,개인정보보호및활용조사,사회일반,개인정보 보호위원회,3,False,survey
791008,창원시아동통계,복지,경상남도 창원시,3,True,survey
216013,경상북도나잠어업실태조사,수산,경상북도,4,True,survey
118046,사회적기업실태조사,기업경영,고용노동부,4,False,survey
170002,청년삶실태조사,사회일반,국무조정실,3,False,survey
614004,안양시주거실태조사,주거,경기도 안양시,4,True,survey
142020,소셜벤처실태조사,기업경영,중소벤처기업부,4,False,survey
201017,서울시먹거리통계조사,복지,서울특별시,3,True,survey
705005,당진시1인가구실태조사,복지,충청남도 당진시,3,True,survey
744002,해남군특산물실태조사,국토이용,전라남도 해남군,3,True,survey
745002,영암군청년사회경제실태조사,경제일반·경기,전라남도 영암군,3,True,survey
732005,여수시청년사회경제실태조사,경제일반·경기,전라남도 여수시,4,True,survey
383005,발달장애인일과삶실태조사,노동,한국장애인고용공단,3,False,survey
611008,수원시청년사회경제실태조사,경제일반·경기,경기도 수원시,3,True,survey
462001,건축서비스산업실태조사,건설,건축공간연구원,3,False,survey
543002,부산광역시연제구일자리인식실태조사,노동,부산광역시 연제구,3,True,survey
444002,항공산업실태조사,교통·물류,한국교통연구원,4,False,survey
692003,공주시노인복지통계,복지,충청남도 공주시,3,True,survey
691007,천안시아동복지통계,복지,충청남도 천안시,3,True,survey
637005,광주시주거실태조사,주거,경기도 광주시,4,True,survey
697004,계룡시노인복지통계,복지,충청남도 계룡시,3,True,survey
673003,제천시노인복지통계,복지,충청북도 제천시,3,True,survey
701002,청양군노인복지통계,복지,충청남도 청양군,3,True,survey
702004,홍성군노인복지통계,복지,충청남도 홍성군,3,True,survey
700004,부여군아동복지통계,복지,충청남도 부여군,3,True,survey
134007,수입물품에대한관세및내국세통계,경제일반·경기,관세청,4,False,survey
358005,고령친화용품제조업실태조사,인구,한국보건산업진흥원,3,False,survey
114057,식품산업경기동향조사,경제일반·경기,농림축산식품부,3,False,survey
112018,유아교육실태조사,교육·훈련,교육부,3,False,survey
210015,경기도주요관광지방문객실태조사,문화·여가,경기도,3,True,survey
706005,서천군여성통계,복지,충청남도 서천군,3,True,survey
210014,경기도영세자영업경영활동통계,경제일반·경기,경기도,4,True,survey
703003,예산군아동복지통계,복지,충청남도 예산군,3,True,survey
693005,보령시청년통계,사회일반,충청남도 보령시,3,True,survey
695006,서산시청년통계,사회일반,충청남도 서산시,4,True,survey
693004,보령시아동복지통계,복지,충청남도 보령시,4,True,survey
691006,천안시청년통계,사회일반,충청남도 천안시,4,True,survey
791007,창원시여성통계,복지,경상남도 창원시,3,True,survey
732004,여수시청년통계,사회일반,전라남도 여수시,4,True,survey
620006,고양시주거실태조사,주거,경기도 고양시,3,True,survey
461001,신용보증.매출채권보험통계,금융,신용보증기금,4,False,survey
672003,충주시1인세대통계,주거,충청북도 충주시,3,True,survey
205012,광주광역시청년통계,사회일반,광주광역시,3,True,survey
358004,바이오헬스산업실태조사,보건,한국보건산업진흥원,3,False,survey
441001,에너지기술기업실태조사,에너지,한국에너지기술평가원,3,False,survey
117110,보건의료인력실태조사,보건,보건복지부,4,False,survey
513003,"서대문구지역통계조사(평생학습,에너지환경분야)","교육·훈련, 환경",서울특별시 서대문구,4,True,survey
214010,전라북도지역사회보장조사,복지,전북특별자치도,4,True,survey
154023,여성폭력실태조사,범죄·안전,여성가족부,4,False,survey
204013,인천광역시청년통계,사회일반,인천광역시,3,True,survey
625005,시흥시다문화·외국인가구통계,사회일반,경기도 시흥시,3,True,survey
164003,사이버폭력실태조사,범죄·안전,방송통신위원회,3,False,survey
459001,수산종자생산업실태조사,수산,한국수산자원공단,3,False,survey
143005,농촌관광실태조사,농림,농촌진흥청,3,False,survey
114056,농축산식품산업실태조사,농림,농림축산식품부,3,False,survey
154022,위기청소년지원기관이용자생활실태조사,사회일반,여성가족부,4,False,survey
719002,무주군농업실태조사,농림,전북특별자치도 무주군,3,True,survey
808003,함양군전통시장조사,도소매·서비스,경상남도 함양군,3,True,survey
705004,당진시주거실태조사,주거,충청남도 당진시,3,True,survey
671004,청주시주거실태조사,주거,충청북도 청주시,4,True,survey
630005,파주시청년사회경제실태조사,경제일반·경기,경기도 파주시,3,True,survey
626003,군포시경력단절여성등의경제활동실태조사,복지,경기도 군포시,3,True,survey
152009,하도급거래실태조사,기업경영,공정거래위원회,3,False,survey
202019,부산광역시환경산업조사,환경,부산광역시,3,True,survey
106035,수돗물먹는실태조사,환경,환경부,3,False,survey
671003,청주시1인세대통계,주거,충청북도 청주시,3,True,survey
797006,김해시다문화·외국인가구통계,사회일반,경상남도 김해시,4,True,survey
210013,경기도경기종합지수,경제일반·경기,경기도,3,True,survey
706004,서천군아동복지통계,복지,충청남도 서천군,4,True,survey
703002,예산군노인복지통계,복지,충청남도 예산군,4,True,survey
698003,금산군아동복지통계,복지,충청남도 금산군,4,True,survey
695005,서산시여성통계,복지,충청남도 서산시,4,True,survey
693003,보령시노인통계,복지,충청남도 보령시,4,True,survey
693002,보령시여성통계,복지,충청남도 보령시,4,True,survey
113027,국제문화교류실태조사,문화.여가,문화체육관광부,4,False,survey
101092,육아휴직통계,노동,통계청,4,False,survey
210012,경기도특별사법경찰범죄통계,범죄·안전,경기도,4,True,survey
704003,태안군여성통계,복지,충청남도 태안군,4,True,survey
697003,계룡시여성통계,복지,충청남도 계룡시,4,True,survey
695004,서산시아동복지통계,복지,충청남도 서산시,4,True,survey
210011,경기도아동가구주거실태조사,주거,경기도,3,True,survey
799003,거제시청년통계,사회일반,경상남도 거제시,4,True,survey
612005,성남시장애인통계,복지,경기도 성남시,4,True,survey
116076,기계설비산업실태조사,건설,국토교통부,3,False,survey
127019,가상증강현실(VR·AR)산업실태조사,정보통신,과학기술정보통신부,3,False,survey
127018,온라인및오프라인결합서비스(O2O서비스)산업조사,정보통신,과학기술정보통신부,3,False,survey
113026,국민문화예술교육조사,문화.여가,문화체육관광부,3,False,survey
127017,블록체인산업실태조사,정보통신,과학기술정보통신부,3,False,survey
635006,여주시노인등록통계,복지,경기도 여주시,4,True,survey
639004,포천시다문화외국인가구통계,사회일반,경기도 포천시,4,True,survey
218016,제주일자리등록통계,노동,제주특별자치도,3,True,survey
201016,서울시아동가구주거실태조사,주거,서울특별시,4,True,survey
204012,인천광역시노인등록통계,복지,인천광역시,4,True,survey
146005,어업인의업무상질병및손상조사,수산,해양수산부,4,False,survey
142019,중소기업기본통계,기업경영,중소벤처기업부,3,False,survey
502003,서울특별시중구사회조사,사회일반,서울특별시 중구,3,True,survey
218015,제주특별자치도어가실태조사,수산,제주특별자치도,4,True,survey
218014,제주사업체생멸등록통계,기업경영,제주특별자치도,3,True,survey
804005,고성군귀농·귀촌실태조사,농림,경상남도 고성군,4,True,survey
136037,산림휴양복지활동조사,문화.여가,산림청,3,False,survey
101091,일자리이동통계,노동,통계청,4,False,survey
146004,해양관광산업통계조사,경제일반·경기,해양수산부,3,False,survey
736005,담양군농업실태조사,농림,전라남도 담양군,4,True,survey
117109,청소년건강패널조사,보건,질병관리청,3,False,survey
117108,장애인학대현황,복지,보건복지부,4,False,survey
136036,임산물소득조사,농림,산림청,3,False,survey
113025,문화체육관광일자리현황조사,문화.여가,문화체육관광부,3,False,survey
354006,비급여진료비용및제증명수수료통계,보건,건강보험심사평가원,4,False,survey
920023,국가정신건강현황,보건,보건복지부,3,False,survey
201015,서울특별시영세자영업경영활동통계,경제일반·경기,서울특별시,4,True,survey
452001,차상위및한부모가족수급자현황,복지,한국사회보장정보원,4,False,survey
700003,부여군노인복지통계,복지,충청남도 부여군,3,True,survey
117106,희귀질환등록통계,보건,질병관리청,4,False,survey
145014,위생용품산업현황,보건,식품의약품안전처,4,False,survey
110032,가뭄정보통계,환경,행정안전부,3,False,survey
101090,북한벼재배면적조사,농림,통계청,4,False,survey
705003,당진시청년통계,사회일반,충청남도 당진시,4,True,survey
704002,태안군노인복지통계,복지,충청남도 태안군,3,True,survey
702003,홍성군아동복지통계,복지,충청남도 홍성군,4,True,survey
698002,금산군노인복지통계,복지,충청남도 금산군,4,True,survey
568002,인천광역시서구영유아통계,보건,인천광역시 서구,4,True,survey
770006,경산시다문화‧외국인가구통계,사회일반,경상북도 경산시,3,True,survey
212008,충청북도청년통계,사회일반,충청북도,3,True,survey
451001,부산항해운항만산업실태조사,수산,부산항만공사,1,False,survey
117105,중증외상및다수사상조사,보건,질병관리청,3,False,survey
805005,남해군성인지통계,복지,경상남도 남해군,3,True,survey
651006,춘천시전략작물실태조사,농림,강원특별자치도 춘천시,3,True,survey
204011,인천광역시장애인통계,복지,인천광역시,4,True,survey
750003,완도군청년통계,사회일반,전라남도 완도군,4,True,survey
127016,인공지능산업실태조사,과학·기술,과학기술정보통신부,1,False,survey
114055,귀농귀촌실태조사,농림,농림축산식품부,2,False,survey
764003,안동시여성통계,복지,경상북도 안동시,4,True,survey
737003,곡성군청년통계,사회일반,전라남도 곡성군,4,True,survey
145013,의료용마약류취급현황,보건,식품의약품안전처,4,False,survey
639003,포천시노인등록통계,복지,경기도 포천시,4,True,survey
632003,안성시노인등록통계,복지,경기도 안성시,4,True,survey
631003,이천시노인등록통계,복지,경기도 이천시,4,True,survey
624004,오산시노인등록통계,복지,경기도 오산시,3,True,survey
623003,남양주시노인등록통계,복지,경기도 남양주시,3,True,survey
619004,안산시다문화•외국인가구통계,사회일반,경기도 안산시,4,True,survey
618003,동두천시노인등록통계,복지,경기도 동두천시,4,True,survey
691005,천안시주거실태조사,주거,충청남도 천안시,4,True,survey
106034,물산업통계,환경,환경부,1,False,survey
802004,함안군평생학습실태조사,교육·훈련,경상남도 함안군,3,True,survey
117104,장기요양실태조사,복지,보건복지부,2,False,survey
654003,동해시일자리종합실태조사,노동,강원특별자치도 동해시,3,True,survey
797005,김해시일자리종합실태조사,노동,경상남도 김해시,3,True,survey
585002,광산구여성통계,복지,광주광역시 광산구,3,True,survey
117103,중증장애인생산품 생산시설 실태조사,기업경영,보건복지부,2,False,survey
117102,장애인건강보건통계,보건,보건복지부,4,False,survey
691004,천안시전통시장및상점가조사,도소매·서비스,충청남도 천안시,4,True,survey
455001,지식서비스산업실태조사,도소매·서비스,산업연구원,2,False,survey
456001,국민법의식실태조사,범죄·안전,한국법제연구원,1,False,survey
204010,인천광역시사회조사,사회일반,인천광역시,3,True,survey
129001,인권의식실태조사,사회일반,국가인권위원회,1,False,survey
804004,고성군노인실태조사,복지,경상남도 고성군,3,True,survey
218012,제주특별자치도청년사회경제실태조사,경제일반·경기,제주특별자치도,4,True,survey
641004,양평군청소년사회환경조사,사회일반,경기도 양평군,4,True,survey
142021,소상공인실태조사,기업경영,중소벤처기업부,1,False,survey
717003,완주군아동청소년사회환경조사,사회일반,전북특별자치도 완주군,4,True,survey
692002,공주시전통시장및상점가조사,도소매·서비스,충청남도 공주시,3,True,survey
715002,남원시청년사회경제실태조사,경제일반·경기,전북특별자치도 남원시,3,True,survey
791006,창원시경제지표조사,경제일반·경기,경상남도 창원시,3,True,survey
617004,평택시일자리인식실태조사,노동,경기도 평택시,3,True,survey
706003,서천군청년사회경제실태조사,경제일반·경기,충청남도 서천군,4,True,survey
694008,아산시제조업실태조사,광업·제조업,충청남도 아산시,4,True,survey
208009,세종특별자치시청년사회경제실태조사,경제일반·경기,세종특별자치시,4,True,survey
205011,광주광역시일자리인식실태조사,노동,광주광역시,3,True,survey
733004,순천시경제지표조사,경제일반·경기,전라남도 순천시,3,True,survey
640003,가평군일자리인식실태조사,노동,경기도 가평군,3,True,survey
628004,하남시일자리인식실태조사,노동,경기도 하남시,3,True,survey
101089,프랜차이즈조사,도소매·서비스,통계청,2,False,survey
630004,파주시일자리인식실태조사,노동,경기도 파주시,3,True,survey
127015,연구실안전관리실태조사,범죄·안전,과학기술정보통신부,2,False,survey
101088,임금근로일자리동향행정통계,노동,통계청,4,False,survey
122009,국방통계,정부·재정,국방부,4,False,survey
426003,항공운송업체연료소비량현황조사,교통·물류,한국교통안전공단,2,False,survey
113024,지역문화현황통계,문화.여가,문화체육관광부,4,False,survey
106033,대기오염물질배출량,환경,환경부,4,False,survey
211011,강원도사회보장수급대상통계,복지,강원특별자치도,4,True,survey
414002,주택보증통계,주거,주택도시보증공사,4,False,survey
145012,식생활관리현황,보건,식품의약품안전처,4,False,survey
213013,충청남도청년통계,사회일반,충청남도,4,True,survey
770005,경산시노인복지통계,복지,경상북도 경산시,4,True,survey
215008,전라남도노인등록통계,복지,전라남도,4,True,survey
203013,대구광역시노인등록통계,복지,대구광역시,4,True,survey
449001,바이오소재통계,과학·기술,한국생명공학연구원,3,False,survey
207010,울산광역시노인등록통계,복지,울산광역시,3,True,survey
211010,강원도경기종합지수,경제일반·경기,강원특별자치도,4,True,survey
695003,서산시노인복지통계,복지,충청남도 서산시,4,True,survey
694007,아산시여성통계,복지,충청남도 아산시,4,True,survey
208008,세종특별자치시장애인통계,복지,세종특별자치시,4,True,survey
797004,김해시청년통계,사회일반,경상남도 김해시,4,True,survey
791005,창원시청년통계,사회일반,경상남도 창원시,4,True,survey
706002,서천군노인복지통계,복지,충청남도 서천군,3,True,survey
705002,당진시여성통계,복지,충청남도 당진시,4,True,survey
329004,전자문서산업실태조사,정보통신,한국인터넷진흥원,1,False,survey
206013,대전광역시청년통계,사회일반,대전광역시,4,True,survey
210010,경기도영유아통계,보건,경기도,4,True,survey
450001,청소년방과후활동수요및현황조사,문화.여가,한국청소년활동진흥원,1,False,survey
118045,일가정양립실태조사,기업경영,고용노동부,1,False,survey
101087,생애단계별행정통계,사회일반,통계청,4,False,survey
651005,춘천시경제실태조사(서비스업부문),경제일반·경기,강원특별자치도 춘천시,3,True,survey
113023,근로자휴가조사,문화.여가,문화체육관광부,1,False,survey
216012,경상북도청년통계,사회일반,경상북도,4,True,survey
638003,연천군노인등록통계,복지,경기도 연천군,3,True,survey
634003,양주시노인등록통계,복지,경기도 양주시,4,True,survey
633004,김포시노인등록통계,복지,경기도 김포시,4,True,survey
629004,용인시노인등록통계,복지,경기도 용인시,4,True,survey
627003,의왕시노인등록통계,복지,경기도 의왕시,4,True,survey
622003,구리시노인등록통계,복지,경기도 구리시,3,True,survey
620005,고양시노인등록통계,복지,경기도 고양시,4,True,survey
619003,안산시노인등록통계,복지,경기도 안산시,4,True,survey
613003,의정부시노인등록통계,복지,경기도 의정부시,4,True,survey
804003,고성군평생학습실태조사,교육·훈련,경상남도 고성군,4,True,survey
734004,나주시여성통계,복지,전라남도 나주시,3,True,survey
127014,스마트미디어산업실태조사,정보통신,과학기술정보통신부,2,False,survey
438001,장애인삶패널조사,복지,한국장애인개발원,1,False,survey
202018,부산광역시복지실태조사,복지,부산광역시,3,True,survey
735005,광양시청년통계,사회일반,전라남도 광양시,3,True,survey
440001,예금보험통계,금융,예금보험공사,4,False,survey
127013,정보보호산업실태조사,정보통신,과학기술정보통신부,2,False,survey
117101,산후조리실태조사,보건,보건복지부,2,False,survey
101086,가계생산위성계정,국민계정,통계청,4,False,survey
408003,건물에너지사용량,에너지,한국부동산원,4,False,survey
448001,디자이너등급별노임단가실태조사,임금,(사)한국디자인산업연합회,1,False,survey
723002,고창군청년통계,사회일반,전북특별자치도 고창군,4,True,survey
652003,원주시경제지표조사,경제일반·경기,강원특별자치도 원주시,4,True,survey
651004,춘천시일자리인식실태조사,노동,강원특별자치도 춘천시,3,True,survey
127012,ICT중소기업실태조사,정보통신,과학기술정보통신부,1,False,survey
127011,웹접근성실태조사,정보통신,과학기술정보통신부,1,False,survey
127010,클라우드산업실태조사,정보통신,과학기술정보통신부,1,False,survey
380004,산업안전보건실태조사,범죄·안전,한국산업안전보건공단,1,False,survey
114054,외식업체경영실태조사,도소매·서비스,농림축산식품부,1,False,survey
810003,합천군노인실태조사,복지,경상남도 합천군,4,True,survey
203012,대구광역시관광실태조사,문화·여가,대구광역시,3,True,survey
775003,영덕군노인실태조사,복지,경상북도 영덕군,4,True,survey
737002,곡성군귀농귀촌실태조사,농림,전라남도 곡성군,4,True,survey
615004,부천시주거실태조사,주거,경기도 부천시,4,True,survey
628003,하남시청소년사회환경조사,사회일반,경기도 하남시,4,True,survey
109006,국가보훈대상자생활실태조사,정부·재정,국가보훈부,1,False,survey
678002,진천군경제지표조사,경제일반·경기,충청북도 진천군,3,True,survey
617003,평택시경제지표조사,경제일반·경기,경기도 평택시,4,True,survey
694006,아산시인권의식실태조사,사회일반,충청남도 아산시,4,True,survey
641003,양평군전통시장조사,도소매·서비스,경기도 양평군,3,True,survey
101085,국민이전계정,국민계정,통계청,4,False,survey
633003,김포시일자리인식실태조사,노동,경기도 김포시,4,True,survey
635005,여주시일자리인식실태조사,노동,경기도 여주시,3,True,survey
611007,수원시전통시장및상점가조사,도소매·서비스,경기도 수원시,4,True,survey
447001,무역보험통계,금융,한국무역보험공사,4,False,survey
202017,부산광역시크루즈행정통계,문화·여가,부산광역시,4,True,survey
136035,전국산주현황,농림,산림청,4,False,survey
408002,오피스텔가격동향조사,주거,한국부동산원,1,False,survey
444001,교통접근성지표,교통·물류,한국교통연구원,4,False,survey
445001,혈액정보통계,보건,대한적십자사,3,False,survey
442001,기후변화대응 기술개발 활동조사,과학·기술,한국과학기술연구원,1,False,survey
216011,경상북도한옥조사,문화·여가,경상북도,4,True,survey
203011,대구광역시교통량조사,교통·물류,대구광역시,3,True,survey
145011,화장품산업현황,보건,식품의약품안전처,4,False,survey
145010,건강기능식품산업현황,보건,식품의약품안전처,4,False,survey
208007,세종특별자치시청년통계,사회일반,세종특별자치시,4,True,survey
439002,대지급금지급현황,임금,근로복지공단,4,False,survey
218011,제주특별자치도장래인구추계,인구,제주특별자치도,4,True,survey
215007,전라남도시군별장래인구추계,인구,전라남도,4,True,survey
204009,인천광역시군구별장래인구추계,인구,인천광역시,4,True,survey
767003,영천시베이비부머통계,인구,경상북도 영천시,3,True,survey
696004,논산시청년통계,사회일반,충청남도 논산시,3,True,survey
207009,울산광역시청년통계,사회일반,울산광역시,3,True,survey
443001,저작권통계,문화.여가,한국저작권위원회,4,False,survey
106032,지하수수질현황,환경,환경부,4,False,survey
423002,광고경기전망지수,도소매·서비스,한국방송광고진흥공사,1,False,survey
213011,충청남도시군장래인구추계,인구,충청남도,4,True,survey
211009,강원도시군단위장래인구추계,인구,강원특별자치도,4,True,survey
210008,경기도시군단위장래인구추계,인구,경기도,4,True,survey
207008,울산광역시구군단위장래인구추계,인구,울산광역시,4,True,survey
205010,광주광역시자치구별장래인구추계,인구,광주광역시,4,True,survey
203010,대구광역시구군별장래인구추계,인구,대구광역시,4,True,survey
113022,한국수어활용조사,문화.여가,문화체육관광부,2,False,survey
116075,주택이외의거처주거실태조사,주거,국토교통부,1,False,survey
127009,ICT전문인력수급실태조사,정보통신,과학기술정보통신부,1,False,survey
210007,경기도청년통계,사회일반,경기도,3,True,survey
637003,광주시노인등록통계,복지,경기도 광주시,4,True,survey
611006,수원시주거실태조사,주거,경기도 수원시,3,True,survey
117100,보건의료질통계,보건,보건복지부,4,False,survey
711008,전주시주거실태조사,주거,전북특별자치도 전주시,3,True,survey
522002,서초구사회조사,사회일반,서울특별시 서초구,3,True,survey
115035,경제자유구역입주사업체실태조사,기업경영,산업통상자원부,1,False,survey
694004,아산시전통시장및상점가조사,도소매·서비스,충청남도 아산시,3,True,survey
218010,제주특별자치도주거실태조사,주거,제주특별자치도,3,True,survey
203009,대구광역시노인실태조사,복지,대구광역시,3,True,survey
110031,자전거이용현황,교통·물류,행정안전부,4,False,survey
117099,의료서비스경험조사,보건,보건복지부,1,False,survey
134006,기업무역활동통계,무역·국제수지,관세청,4,False,survey
800003,양산시복지실태조사,복지,경상남도 양산시,3,True,survey
439001,산재보험패널조사,노동,근로복지공단,1,False,survey
761004,포항시여성통계,복지,경상북도 포항시,3,True,survey
417002,공직생활실태조사,정부·재정,한국행정연구원,1,False,survey
803003,창녕군귀농귀촌실태조사,농림,경상남도 창녕군,3,True,survey
205009,광주광역시경기종합지수,경제일반·경기,광주광역시,4,True,survey
208006,세종특별자치시일자리인식실태조사,노동,세종특별자치시,3,True,survey
429001,옥외광고통계,도소매·서비스,한국지방재정공제회,1,False,survey
735004,광양시특산물실태조사,국토이용,전라남도 광양시,4,True,survey
742003,장흥군특산물실태조사,문화·여가,전라남도 장흥군,3,True,survey
733003,순천시청년통계,사회일반,전라남도 순천시,3,True,survey
717002,완주군청년통계,사회일반,전북특별자치도 완주군,4,True,survey
512002,은평구사회조사,사회일반,서울특별시 은평구,3,True,survey
117098,노숙인등의실태조사,복지,보건복지부,1,False,survey
116074,건설공사계약통계,건설,국토교통부,4,False,survey
106031,하천 수생태계 건강성 조사,환경,환경부,2,False,survey
635004,여주시복지실태조사,복지,경기도 여주시,3,True,survey
620004,고양시경제지표조사,경제일반·경기,경기도 고양시,3,True,survey
437001,북한이탈주민실태조사,사회일반,북한이탈주민지원재단(남북하나재단),1,False,survey
215006,전라남도경기종합지수,경제일반·경기,전라남도,4,True,survey
691003,천안시일자리인식실태조사,노동,충청남도 천안시,3,True,survey
668002,양양군사회조사,사회일반,강원특별자치도 양양군,4,True,survey
667002,강원특별자치도고성군사회조사,사회일반,강원특별자치도 고성군,3,True,survey
665002,양구군사회조사,사회일반,강원특별자치도 양구군,3,True,survey
664002,화천군사회조사,사회일반,강원특별자치도 화천군,3,True,survey
663002,철원군사회조사,사회일반,강원특별자치도 철원군,4,True,survey
661002,평창군사회조사,사회일반,강원특별자치도 평창군,4,True,survey
659002,횡성군사회조사,사회일반,강원특별자치도 횡성군,4,True,survey
658002,홍천군사회조사,사회일반,강원특별자치도 홍천군,3,True,survey
656002,속초시사회조사,사회일반,강원특별자치도 속초시,4,True,survey
654002,동해시사회조사,사회일반,강원특별자치도 동해시,3,True,survey
653002,강릉시사회조사,사회일반,강원특별자치도 강릉시,4,True,survey
427001,기업가정신실태조사(개인편/기업편),기업경영,(재)한국청년기업가정신재단,1,False,survey
354005,자동차보험진료비통계,교통·물류,건강보험심사평가원,4,False,survey
436001,가스사고통계,범죄·안전,한국가스안전공사,4,False,survey
142018,소모성자재납품업실태조사,도소매·서비스,중소벤처기업부,1,False,survey
677002,영동군취약계층통계,복지,충청북도 영동군,4,True,survey
435001,월간국내카드승인실적,금융,(사)한국여신전문금융업협회,4,False,survey
207007,울산광역시경기종합지수,경제일반·경기,울산광역시,4,True,survey
206012,대전광역시독거노인등록통계,복지,대전광역시,3,True,survey
750002,완도군어업실태조사,수산,전라남도 완도군,3,True,survey
101084,연금통계,복지,통계청,4,False,survey
434001,문화체육관광산업통계,도소매·서비스,한국문화관광연구원,4,False,survey
430001,전시산업통계조사,도소매·서비스,한국전시산업진흥회,1,False,survey
433001,문화예술활동현황조사,문화.여가,한국문화예술위원회,1,False,survey
428001,희유금속원재료교역통계,무역·국제수지,한국지질자원연구원,3,False,survey
920017,기업특성별무역통계,무역·국제수지,통계청,4,False,survey
432001,법률구조현황통계,범죄·안전,대한법률구조공단,4,False,survey
110030,전자정부수출실적조사,정보통신,행정안전부,2,False,survey
696003,논산시노인복지통계,복지,충청남도 논산시,4,True,survey
127004,데이터산업현황조사,정보통신,과학기술정보통신부,1,False,survey
431001,여행사국제관광객유치⋅송출통계,문화.여가,(사)한국여행업협회,4,False,survey
422002,일반용전기설비안전점검현황,범죄·안전,한국전기안전공사,4,False,survey
207006,울산광역시베이비부머통계,인구,울산광역시,4,True,survey
114053,가공식품소비자태도조사,농림,농림축산식품부,1,False,survey
117097,국민생활실태조사,복지,보건복지부,2,False,survey
106029,전국폐기물발생및처리현황,환경,환경부,4,False,survey
106028,대기오염물질 배출시설 및 굴뚝TMS 부착사업장 배출량 현황,환경,환경부,4,False,survey
175001,재난안전산업실태조사,범죄·안전,행정안전부,1,False,survey
612004,성남시경제지표조사,경제일반·경기,경기도 성남시,3,True,survey
920016,전국민금융이해력조사,금융,한국은행,2,False,survey
217009,경상남도시군별장래인구추계,인구,경상남도,4,True,survey
101083,제조업국내공급지수,광업·제조업,통계청,4,False,survey
513002,서대문구사회조사,사회일반,서울특별시 서대문구,3,True,survey
202015,부산일자리종합실태조사,노동,부산광역시,3,True,survey
411002,공공의료기관현황,보건,국립중앙의료원,3,False,survey
154021,양성평등실태조사,사회일반,여성가족부,2,False,survey
101082,신혼부부통계,사회일반,통계청,4,False,survey
146002,해양수산업통계조사,수산,해양수산부,2,False,survey
114052,종자산업현황조사,농림,농림축산식품부,2,False,survey
732003,여수시베이비부머통계,인구,전라남도 여수시,4,True,survey
711007,전주시청년통계,사회일반,전북특별자치도 전주시,4,True,survey
638002,연천군사회조사,사회일반,경기도 연천군,3,True,survey
618002,동두천시사회조사,사회일반,경기도 동두천시,3,True,survey
621002,과천시사회조사,사회일반,경기도 과천시,3,True,survey
620003,고양시사회조사,사회일반,경기도 고양시,3,True,survey
920015,의료급여통계,보건,국민건강보험공단,4,False,survey
114051,말산업실태조사,농림,농림축산식품부,2,False,survey
114050,외식산업경기동향지수,도소매·서비스,농림축산식품부,1,False,survey
143004,농업기계이용실태조사,농림,농촌진흥청,2,False,survey
797003,김해시청소년종합실태조사,사회일반,경상남도 김해시,4,True,survey
154020,경력단절여성등의경제활동실태조사,노동,여성가족부,1,False,survey
612003,성남시주거실태조사,주거,경기도 성남시,4,True,survey
605003,울주군여성경제활동조사,복지,울산광역시 울주군,4,True,survey
354004,급여의약품·치료재료청구현황,보건,건강보험심사평가원,3,False,survey
145009,의약품생산및수출수입실적,보건,식품의약품안전처,4,False,survey
112017,대학산학협력활동실태조사,교육·훈련,교육부,1,False,survey
114049,농업법인조사,농림,농림축산식품부,3,False,survey
115034,뿌리산업실태조사,광업·제조업,산업통상자원부,1,False,survey
127003,국가연구개발사업통계,과학·기술,과학기술정보통신부,4,False,survey
201014,서울특별시자치구별장래인구추계,인구,서울특별시,3,True,survey
216010,경상북도시·군장래인구추계,인구,경상북도,4,True,survey
214009,전라북도시군장래인구추계,인구,전북특별자치도,4,True,survey
212007,충청북도시군단위장래인구추계,인구,충청북도,4,True,survey
202014,부산광역시구·군단위장래인구추계,인구,부산광역시,4,True,survey
426002,자동차검사현황,교통·물류,한국교통안전공단,4,False,survey
337004,신재생에너지산업실태조사,에너지,한국에너지공단,2,False,survey
206011,대전광역시베이비부머통계,인구,대전광역시,3,True,survey
206010,대전광역시자치구별장래인구추계,인구,대전광역시,4,True,survey
422001,감전재해조사,범죄·안전,한국전기안전공사,2,False,survey
426001,자동차주행거리통계,교통·물류,한국교통안전공단,3,False,survey
142017,중견기업 기본통계,기업경영,산업통상자원부,1,False,survey
127002,사물인터넷산업실태조사,정보통신,과학기술정보통신부,1,False,survey
424001,기상산업실태조사,환경,한국기상산업기술원,1,False,survey
154019,국민다문화수용성조사,사회일반,여성가족부,2,False,survey
920021,방송통신광고비조사,정보통신,한국방송광고진흥공사,1,False,survey
154018,성희롱실태조사,범죄·안전,여성가족부,1,False,survey
625003,시흥시사회조사,사회일반,경기도 시흥시,3,True,survey
112016,진로교육현황조사,교육·훈련,교육부,1,False,survey
118044,구직급여신청동향,노동,고용노동부,4,False,survey
218008,제주도민일자리인식실태조사,노동,제주특별자치도,4,True,survey
102007,협동조합실태조사,기업경영,기획재정부,2,False,survey
127001,우주산업실태조사,과학·기술,과학기술정보통신부,1,False,survey
115033,첨단세라믹산업조사,광업·제조업,한국세라믹기술원,1,False,survey
625002,시흥시주거실태조사,주거,경기도 시흥시,4,True,survey
421001,한의약산업실태조사,보건,한국한의학연구원,2,False,survey
420001,성인문해능력조사,교육·훈련,국가평생교육진흥원,2,False,survey
211008,강원특별자치도사회조사,사회일반,강원특별자치도,3,True,survey
783002,울릉군사회조사,사회일반,경상북도 울릉군,3,True,survey
154017,결혼중개업실태조사,사회일반,여성가족부,1,False,survey
208004,세종특별자치시사회조사,사회일반,세종특별자치시,3,True,survey
334010,국가영재교육통계,교육·훈련,한국교육개발원,2,False,survey
156010,소방산업통계조사,범죄·안전,소방청,1,False,survey
639002,포천시사회조사,사회일반,경기도 포천시,3,True,survey
634002,양주시사회조사,사회일반,경기도 양주시,3,True,survey
633002,김포시사회조사,사회일반,경기도 김포시,3,True,survey
630002,파주시사회조사,사회일반,경기도 파주시,3,True,survey
622002,구리시사회조사,사회일반,경기도 구리시,3,True,survey
617002,평택시사회조사,사회일반,경기도 평택시,3,True,survey
614002,안양시사회조사,사회일반,경기도 안양시,3,True,survey
134005,FTA특혜무역활용통계,무역·국제수지,관세청,2,False,survey
218007,제주특별자치도방문관광객실태조사,문화·여가,제주특별자치도,3,True,survey
409001,방산지정업체경영분석조사,과학·기술,한국방위산업진흥회,2,False,survey
805004,남해군노인실태조사,복지,경상남도 남해군,4,True,survey
216009,경상북도경기종합지수,경제일반·경기,경상북도,4,True,survey
410001,환경기술실태조사,환경,한국환경산업기술원,1,False,survey
380003,작업환경실태조사,노동,한국산업안전보건공단,1,False,survey
408001,상업용부동산임대동향조사,국토이용,한국부동산원,1,False,survey
145008,의료기기생산실적,보건,식품의약품안전처,2,False,survey
101080,주택소유통계,주거,통계청,2,False,survey
208003,세종특별자치시주민등록인구통계,인구,세종특별자치시,4,True,survey
208002,세종특별자치시기본통계,사회일반,세종특별자치시,4,True,survey
142016,창업기업실태조사,기업경영,중소벤처기업부,1,False,survey
418001,사립대학재정통계,교육·훈련,한국사학진흥재단,3,False,survey
117094,자살실태조사,사회일반,보건복지부,2,False,survey
782004,울진군사회조사,사회일반,경상북도 울진군,3,True,survey
781002,봉화군사회조사,사회일반,경상북도 봉화군,3,True,survey
774002,영양군사회조사,사회일반,경상북도 영양군,3,True,survey
773003,청송군사회조사,사회일반,경상북도 청송군,3,True,survey
766002,영주시사회조사,사회일반,경상북도 영주시,3,True,survey
624002,오산시사회조사,사회일반,경기도 오산시,3,True,survey
613002,의정부시사회조사,사회일반,경기도 의정부시,3,True,survey
516002,강서구사회조사,사회일반,서울특별시 강서구,4,True,survey
414001,민간아파트분양시장동향,주거,주택도시보증공사,3,False,survey
116073,공간정보산업조사,과학·기술,국토교통부,1,False,survey
662002,정선군사회조사,사회일반,강원특별자치도 정선군,4,True,survey
920009,국내신규박사학위취득자조사,교육·훈련,한국직업능력연구원,1,False,survey
202013,부산광역시수산업통계,수산,부산광역시,3,True,survey
417001,사회통합실태조사,사회일반,한국행정연구원,1,False,survey
101079,산지쌀값조사,물가,통계청,2,False,survey
383004,장애인경제활동실태조사,노동,한국장애인고용공단,1,False,survey
402003,다문화청소년패널조사,사회일반,한국청소년정책연구원,1,False,survey
117093,전국어린이예방접종률현황,보건,질병관리청,2,False,survey
762003,경주시관광실태조사,문화·여가,경상북도 경주시,3,True,survey
134004,무역경기확산지수,무역·국제수지,관세청,2,False,survey
657002,삼척시사회조사,사회일반,강원특별자치도 삼척시,3,True,survey
415001,한국기업의사업다각화지수,기업경영,한국공정거래조정원,2,False,survey
208001,세종특별자치시사업체조사,기업경영,세종특별자치시,3,True,survey
101078,기업생멸행정통계,기업경영,통계청,2,False,survey
411001,응급의료현황통계,보건,국립중앙의료원,2,False,survey
115031,나노융합산업조사,과학·기술,산업통상자원부,1,False,survey
145007,어린이식생활안전지수,보건,식품의약품안전처,1,False,survey
114048,원양어업통계조사,수산,해양수산부,1,False,survey
413001,신문·잡지산업실태조사,도소매·서비스,한국언론진흥재단,1,False,survey
412001,정보통신공사비지수,물가,(재)한국정보통신산업연구원,2,False,survey
142015,1인창조기업실태조사,기업경영,중소벤처기업부,1,False,survey
629003,용인시경제지표조사,경제일반·경기,경기도 용인시,3,True,survey
110029,전자정부서비스이용실태조사,정보통신,행정안전부,1,False,survey
154016,한부모가족실태조사,복지,여성가족부,2,False,survey
780002,예천군사회조사,사회일반,경상북도 예천군,3,True,survey
779002,칠곡군사회조사,사회일반,경상북도 칠곡군,3,True,survey
778002,성주군사회조사,사회일반,경상북도 성주군,3,True,survey
777002,고령군사회조사,사회일반,경상북도 고령군,3,True,survey
776002,청도군사회조사,사회일반,경상북도 청도군,3,True,survey
775002,영덕군사회조사,사회일반,경상북도 영덕군,3,True,survey
772002,의성군사회조사,사회일반,경상북도 의성군,3,True,survey
770002,경산시사회조사,사회일반,경상북도 경산시,3,True,survey
769002,문경시사회조사,사회일반,경상북도 문경시,3,True,survey
768002,상주시사회조사,사회일반,경상북도 상주시,3,True,survey
767002,영천시사회조사,사회일반,경상북도 영천시,3,True,survey
764002,안동시사회조사,사회일반,경상북도 안동시,3,True,survey
763003,김천시사회조사,사회일반,경상북도 김천시,3,True,survey
762002,경주시사회조사,사회일반,경상북도 경주시,3,True,survey
213009,충청남도사회조사,사회일반,충청남도,4,True,survey
218006,제주특별자치도사회조사,사회일반,제주특별자치도,3,True,survey
637002,광주시사회조사,사회일반,경기도 광주시,3,True,survey
632002,안성시사회조사,사회일반,경기도 안성시,3,True,survey
631002,이천시사회조사,사회일반,경기도 이천시,3,True,survey
627002,의왕시사회조사,사회일반,경기도 의왕시,3,True,survey
623002,남양주시사회조사,사회일반,경기도 남양주시,3,True,survey
619002,안산시사회조사,사회일반,경기도 안산시,3,True,survey
616002,광명시사회조사,사회일반,경기도 광명시,3,True,survey
611003,수원시사회조사,사회일반,경기도 수원시,3,True,survey
666002,인제군사회조사,사회일반,강원특별자치도 인제군,4,True,survey
930002,귀농어·귀촌인통계,농림,통계청,2,False,survey
301025,경제심리지수,경제일반·경기,한국은행,4,False,survey
920018,이민자체류실태및고용조사,노동,통계청,2,False,survey
510002,도봉구사회조사,사회일반,서울특별시 도봉구,4,True,survey
101074,일자리행정통계,노동,통계청,2,False,survey
636002,화성시사회조사,사회일반,경기도 화성시,3,True,survey
354003,완제의약품유통정보통계,보건,건강보험심사평가원,4,False,survey
350007,건강검진통계,보건,국민건강보험공단,2,False,survey
350006,노인장기요양보험통계,복지,국민건강보험공단,2,False,survey
202012,부산광역시해양산업조사,수산,부산광역시,3,True,survey
713002,익산시사회조사,사회일반,전북특별자치도 익산시,3,True,survey
117088,급성심장정지조사,보건,질병관리청,2,False,survey
203008,대구광역시사회조사,사회일반,대구광역시,3,True,survey
215005,전라남도사회조사,사회일반,전라남도,3,True,survey
202011,부산광역시제조업실태조사,광업·제조업,부산광역시,3,True,survey
154013,청소년종합실태조사,사회일반,여성가족부,1,False,survey
117087,한방의료이용및한약소비실태조사,보건,보건복지부,1,False,survey
660002,영월군사회조사,사회일반,강원특별자치도 영월군,4,True,survey
395002,박사인력활동조사,노동,과학기술정책연구원,1,False,survey
339002,가구에너지패널조사,에너지,에너지경제연구원,2,False,survey
206009,대전광역시사회조사,사회일반,대전광역시,3,True,survey
117085,HIV/AIDS신고현황,보건,질병관리청,4,False,survey
390002,부동산시장소비자심리조사,국토이용,국토연구원,2,False,survey
202010,부산광역시경기종합지수,경제일반·경기,부산광역시,4,True,survey
101073,전산업생산지수,경제일반·경기,통계청,2,False,survey
508002,성북구사회조사,사회일반,서울특별시 성북구,4,True,survey
640002,가평군사회조사,사회일반,경기도 가평군,3,True,survey
217008,경상남도경기종합지수,경제일반·경기,경상남도,3,True,survey
113021,스포츠산업조사,도소매·서비스,문화체육관광부,1,False,survey
402002,한국아동청소년패널조사,사회일반,한국청소년정책연구원,1,False,survey
405001,한국미디어패널조사,정보통신,정보통신정책연구원,1,False,survey
154012,성폭력안전실태조사,범죄·안전,여성가족부,1,False,survey
154011,가정폭력실태조사,범죄·안전,여성가족부,1,False,survey
101071,경제총조사,경제일반·경기,통계청,2,False,survey
761003,포항시사회조사,사회일반,경상북도 포항시,3,True,survey
360007,기업물류비실태조사,교통·물류,산업통상자원부,2,False,survey
118042,사업체기간제근로자현황조사,노동,고용노동부,2,False,survey
116072,공동주택실거래가격지수,주거,한국부동산원,1,False,survey
143003,농업인의업무상질병및손상조사,농림,농촌진흥청,2,False,survey
117082,기업및공공기관의가족친화수준조사,기업경영,여성가족부,1,False,survey
117081,의약품소비량및판매액통계,보건,보건복지부,2,False,survey
115030,봉제업체실태조사,광업·제조업,산업통상자원부,1,False,survey
118041,기업직업훈련실태조사,노동,한국산업인력공단,1,False,survey
652002,원주시사회조사,사회일반,강원특별자치도 원주시,4,True,survey
403001,국민생활안전실태조사,범죄·안전,한국형사·법무정책연구원,2,False,survey
117079,전국다문화가족실태조사,사회일반,여성가족부,1,False,survey
117078,사회서비스수요.공급실태조사,복지,보건복지부,1,False,survey
402001,아동청소년인권실태조사,사회일반,한국청소년정책연구원,1,False,survey
711006,전주시전통시장및상점가조사,도소매·서비스,전북특별자치도 전주시,3,True,survey
213008,충청남도경기종합지수,경제일반·경기,충청남도,3,True,survey
117077,한국의사회복지지출,복지,보건복지부,2,False,survey
676002,옥천군주요농특산물및특구작물실태조사,농림,충청북도 옥천군,3,True,survey
212006,충청북도사회조사,사회일반,충청북도,4,True,survey
765002,구미시사회조사,사회일반,경상북도 구미시,3,True,survey
205008,광주광역시지역내총생산,국민계정,광주광역시,3,False,survey
204008,인천광역시경기종합지수,경제일반·경기,인천광역시,4,True,survey
215004,전라남도지역내총생산,국민계정,전라남도,4,False,survey
201013,서울특별시복지실태조사,복지,서울특별시,3,True,survey
201012,서울특별시지역내총생산,국민계정,서울특별시,4,False,survey
204007,인천광역시지역내총생산,국민계정,인천광역시,4,False,survey
202009,부산광역시지역내총생산,국민계정,부산광역시,3,False,survey
115029,엔지니어링사업자·기술자현황,과학·기술,산업통상자원부,1,False,survey
106027,국민환경보건기초조사,환경,환경부,1,False,survey
218005,제주특별자치도지역내총생산,국민계정,제주특별자치도,4,False,survey
207005,울산광역시지역내총생산,국민계정,울산광역시,4,False,survey
113020,장애인생활체육조사,복지,문화체육관광부,1,False,survey
110027,지방자치단체공무원인사통계,정부·재정,행정안전부,2,False,survey
116070,교통문화실태조사,교통·물류,국토교통부,1,False,survey
164002,방송매체이용행태조사,정보통신,방송통신위원회,1,False,survey
115028,이러닝산업실태조사,정보통신,산업통상자원부,1,False,survey
117075,지역사회건강조사,보건,질병관리청,1,False,survey
113018,국민독서실태조사,문화.여가,문화체육관광부,1,False,survey
113017,관광산업조사,도소매·서비스,문화체육관광부,1,False,survey
112014,특수교육실태조사,교육·훈련,교육부,1,False,survey
117074,아동종합실태조사,사회일반,보건복지부,1,False,survey
113016,전국도서관통계,문화.여가,문화체육관광부,3,False,survey
641002,양평군사회조사,사회일반,경기도 양평군,3,True,survey
116069,대중교통현황조사,교통·물류,국토교통부,1,False,survey
350005,건강보험환자진료비실태조사,보건,국민건강보험공단,1,False,survey
154010,여성관리자패널조사,노동,한국여성정책연구원,1,False,survey
116068,외국인토지현황,국토이용,국토교통부,2,False,survey
114047,식품산업원료소비실태조사,농림,농림축산식품부,1,False,survey
605002,울주군사회조사,사회일반,울산광역시 울주군,4,True,survey
136034,목재이용실태조사,농림,산림청,1,False,survey
117072,사회복지자원봉사현황,복지,보건복지부,2,False,survey
628002,하남시사회조사,사회일반,경기도 하남시,3,True,survey
117071,노인실태조사,복지,보건복지부,1,False,survey
341001,재정패널조사,소득·소비·자산,한국조세재정연구원,1,False,survey
357001,한국철도통계,교통·물류,한국철도공사,2,False,survey
136033,임산물생산비조사,농림,산림청,1,False,survey
712003,군산시사회조사,사회일반,전북특별자치도 군산시,3,True,survey
117070,가정위탁국내입양현황,복지,보건복지부,4,False,survey
110026,주민등록인구현황,인구,행정안전부,4,False,survey
116063,도시정비사업현황,건설,국토교통부,4,False,survey
388004,전력시장통계,에너지,한국전력거래소,2,False,survey
388003,발전설비현황,에너지,한국전력거래소,2,False,survey
123034,항만국통제통계,교통·물류,해양수산부,4,False,survey
651002,춘천시사회조사,사회일반,강원특별자치도 춘천시,3,True,survey
214007,전라북도지역내총생산,국민계정,전북특별자치도,3,False,survey
213007,충청남도지역내총생산,국민계정,충청남도,4,False,survey
212005,충청북도지역내총생산,국민계정,충청북도,3,False,survey
123032,수산물검역및수출검사통계,수산,해양수산부,2,False,survey
214006,전북특별자치도사회조사,사회일반,전북특별자치도,3,True,survey
132004,경찰청범죄통계,범죄·안전,경찰청,2,False,survey
115026,디자인산업통계,도소매·서비스,산업통상자원부,1,False,survey
120021,ICT수출입통계,정보통신,과학기술정보통신부,2,False,survey
113015,공연예술조사,문화.여가,문화체육관광부,1,False,survey
118040,최저임금적용효과에관한실태조사,임금,고용노동부,1,False,survey
116050,도로교량및터널현황,교통·물류,국토교통부,2,False,survey
626002,군포시사회조사,사회일반,경기도 군포시,3,True,survey
327005,청년패널조사,노동,한국고용정보원,1,False,survey
920012,한국의료패널조사,보건,한국보건사회연구원,1,False,survey
117068,국민보건계정,보건,보건복지부,1,False,survey
612002,성남시사회조사,사회일반,경기도 성남시,3,True,survey
711005,전주시사회조사,사회일반,전북특별자치도 전주시,3,True,survey
334009,평생학습개인실태조사,교육·훈련,한국교육개발원,2,False,survey
338001,여성가족패널조사,사회일반,한국여성정책연구원,1,False,survey
315002,도시계획현황,국토이용,한국국토정보공사,2,False,survey
705001,충청남도당진시기본통계,사회일반,충청남도 당진시,4,True,survey
695001,충청남도서산시기본통계,사회일반,충청남도 서산시,4,True,survey
354002,의료기관별급여적정성평가현황,보건,건강보험심사평가원,2,False,survey
780001,경상북도예천군기본통계,사회일반,경상북도 예천군,4,True,survey
773002,경상북도청송군기본통계,사회일반,경상북도 청송군,4,True,survey
772001,경상북도의성군기본통계,사회일반,경상북도 의성군,4,True,survey
771001,경상북도군위군기본통계,사회일반,대구광역시 군위군,4,True,survey
768001,경상북도상주시기본통계,사회일반,경상북도 상주시,4,True,survey
765001,경상북도구미시기본통계,사회일반,경상북도 구미시,4,True,survey
763001,경상북도김천시기본통계,사회일반,경상북도 김천시,4,True,survey
706001,충청남도서천군기본통계,사회일반,충청남도 서천군,4,True,survey
704001,충청남도태안군기본통계,사회일반,충청남도 태안군,4,True,survey
703001,충청남도예산군기본통계,사회일반,충청남도 예산군,4,True,survey
702001,충청남도홍성군기본통계,사회일반,충청남도 홍성군,4,True,survey
701001,충청남도청양군기본통계,사회일반,충청남도 청양군,4,True,survey
700001,충청남도부여군기본통계,사회일반,충청남도 부여군,4,True,survey
698001,충청남도금산군기본통계,사회일반,충청남도 금산군,4,True,survey
697002,충청남도계룡시기본통계,사회일반,충청남도 계룡시,4,True,survey
694001,충청남도아산시기본통계,사회일반,충청남도 아산시,4,True,survey
693001,충청남도보령시기본통계,사회일반,충청남도 보령시,4,True,survey
692001,충청남도공주시기본통계,사회일반,충청남도 공주시,4,True,survey
691001,충청남도천안시기본통계,사회일반,충청남도 천안시,4,True,survey
779001,경상북도칠곡군기본통계,사회일반,경상북도 칠곡군,4,True,survey
778001,경상북도성주군기본통계,사회일반,경상북도 성주군,4,True,survey
777001,경상북도고령군기본통계,사회일반,경상북도 고령군,4,True,survey
776001,경상북도청도군기본통계,사회일반,경상북도 청도군,4,True,survey
770001,경상북도경산시기본통계,사회일반,경상북도 경산시,4,True,survey
767001,경상북도영천시기본통계,사회일반,경상북도 영천시,4,True,survey
762001,경상북도경주시기본통계,사회일반,경상북도 경주시,4,True,survey
383003,장애인고용패널조사,노동,한국장애인고용공단,1,False,survey
783001,경상북도울릉군기본통계,사회일반,경상북도 울릉군,4,True,survey
782002,경상북도울진군기본통계,사회일반,경상북도 울진군,4,True,survey
775001,경상북도영덕군기본통계,사회일반,경상북도 영덕군,4,True,survey
774001,경상북도영양군기본통계,사회일반,경상북도 영양군,4,True,survey
769001,경상북도문경시기본통계,사회일반,경상북도 문경시,4,True,survey
766001,경상북도영주시기본통계,사회일반,경상북도 영주시,4,True,survey
764001,경상북도안동시기본통계,사회일반,경상북도 안동시,4,True,survey
523002,서울특별시강남구기본통계,사회일반,서울특별시 강남구,4,True,survey
633001,경기도김포시기본통계,사회일반,경기도 김포시,4,True,survey
623001,경기도남양주시기본통계,사회일반,경기도 남양주시,4,True,survey
618001,경기도동두천시기본통계,사회일반,경기도 동두천시,4,True,survey
617001,경기도평택시기본통계,사회일반,경기도 평택시,4,True,survey
613001,경기도의정부시기본통계,사회일반,경기도 의정부시,4,True,survey
545001,부산광역시사상구기본통계,사회일반,부산광역시 사상구,4,True,survey
537001,부산광역시남구기본통계,사회일반,부산광역시 남구,4,True,survey
532001,부산광역시서구기본통계,사회일반,부산광역시 서구,4,True,survey
142014,장애인기업실태조사,기업경영,중소벤처기업부,1,False,survey
640001,경기도가평군기본통계,사회일반,경기도 가평군,4,True,survey
636001,경기도화성시기본통계,사회일반,경기도 화성시,4,True,survey
631001,경기도이천시기본통계,사회일반,경기도 이천시,4,True,survey
627001,경기도의왕시기본통계,사회일반,경기도 의왕시,4,True,survey
622001,경기도구리시기본통계,사회일반,경기도 구리시,4,True,survey
350004,건강보험주요수술통계,보건,국민건강보험공단,2,False,survey
635002,경기도여주시기본통계,사회일반,경기도 여주시,4,True,survey
628001,경기도하남시기본통계,사회일반,경기도 하남시,4,True,survey
625001,경기도시흥시기본통계,사회일반,경기도 시흥시,4,True,survey
619001,경기도안산시기본통계,사회일반,경기도 안산시,4,True,survey
612001,경기도성남시기본통계,사회일반,경기도 성남시,4,True,survey
512001,서울특별시은평구기본통계,사회일반,서울특별시 은평구,4,True,survey
505001,서울특별시광진구기본통계,주거,서울특별시 광진구,4,True,survey
350003,지역별의료이용통계,보건,국민건강보험공단,2,False,survey
732001,전라남도여수시기본통계,사회일반,전라남도 여수시,4,True,survey
667001,강원도고성군기본통계,사회일반,강원특별자치도 고성군,4,True,survey
662001,강원도정선군기본통계,사회일반,강원특별자치도 정선군,4,True,survey
658001,강원도홍천군기본통계,사회일반,강원특별자치도 홍천군,4,True,survey
810001,경상남도합천군기본통계,사회일반,경상남도 합천군,4,True,survey
806001,경상남도하동군기본통계,사회일반,경상남도 하동군,4,True,survey
805001,경상남도남해군기본통계,사회일반,경상남도 남해군,4,True,survey
804001,경상남도고성군기본통계,사회일반,경상남도 고성군,4,True,survey
803001,경상남도창녕군기본통계,사회일반,경상남도 창녕군,4,True,survey
802001,경상남도함안군기본통계,사회일반,경상남도 함안군,4,True,survey
734001,전라남도나주시기본통계,사회일반,전라남도 나주시,4,True,survey
733001,전라남도순천시기본통계,사회일반,전라남도 순천시,4,True,survey
731001,전라남도목포시기본통계,사회일반,전라남도 목포시,4,True,survey
722001,전라북도순창군기본통계,사회일반,전북특별자치도 순창군,4,True,survey
719001,전라북도무주군기본통계,사회일반,전북특별자치도 무주군,4,True,survey
717001,전라북도완주군기본통계,사회일반,전북특별자치도 완주군,4,True,survey
716001,전라북도김제시기본통계,사회일반,전북특별자치도 김제시,4,True,survey
715001,전라북도남원시기본통계,사회일반,전북특별자치도 남원시,4,True,survey
714001,전라북도정읍시기본통계,사회일반,전북특별자치도 정읍시,4,True,survey
712001,전라북도군산시기본통계,사회일반,전북특별자치도 군산시,4,True,survey
678001,충청북도진천군기본통계,사회일반,충청북도 진천군,4,True,survey
677001,충청북도영동군기본통계,사회일반,충청북도 영동군,4,True,survey
671001,충청북도청주시기본통계,사회일반,충청북도 청주시,4,True,survey
920011,초중고사교육비조사,교육·훈련,통계청,2,False,survey
681001,충청북도단양군기본통계,사회일반,충청북도 단양군,4,True,survey
680001,충청북도음성군기본통계,사회일반,충청북도 음성군,4,True,survey
781001,경상북도봉화군기본통계,사회일반,경상북도 봉화군,4,True,survey
761001,경상북도포항시기본통계,사회일반,경상북도 포항시,4,True,survey
696001,충청남도논산시기본통계,사회일반,충청남도 논산시,4,True,survey
556001,대구광역시수성구기본통계,사회일반,대구광역시 수성구,4,True,survey
555001,대구광역시북구기본통계,사회일반,대구광역시 북구,4,True,survey
553001,대구광역시서구기본통계,사회일반,대구광역시 서구,4,True,survey
551001,대구광역시중구기본통계,사회일반,대구광역시 중구,4,True,survey
510001,서울특별시도봉구기본통계,사회일반,서울특별시 도봉구,4,True,survey
558001,대구광역시달성군기본통계,사회일반,대구광역시 달성군,4,True,survey
557001,대구광역시달서구기본통계,사회일반,대구광역시 달서구,4,True,survey
554001,대구광역시남구기본통계,사회일반,대구광역시 남구,4,True,survey
552001,대구광역시동구기본통계,사회일반,대구광역시 동구,4,True,survey
522001,서울특별시서초구기본통계,사회일반,서울특별시 서초구,4,True,survey
519001,서울특별시영등포구기본통계,사회일반,서울특별시 영등포구,4,True,survey
508001,서울특별시성북구기본통계,사회일반,서울특별시 성북구,4,True,survey
506001,서울특별시동대문구기본통계,사회일반,서울특별시 동대문구,4,True,survey
504001,서울특별시성동구기본통계,사회일반,서울특별시 성동구,4,True,survey
503001,서울특별시용산구기본통계,사회일반,서울특별시 용산구,4,True,survey
502001,서울특별시중구기본통계,사회일반,서울특별시 중구,4,True,survey
501002,서울특별시종로구기본통계,사회일반,서울특별시 종로구,4,True,survey
808001,경상남도함양군기본통계,사회일반,경상남도 함양군,4,True,survey
807001,경상남도산청군기본통계,사회일반,경상남도 산청군,4,True,survey
801001,경상남도의령군기본통계,사회일반,경상남도 의령군,4,True,survey
800001,경상남도양산시기본통계,사회일반,경상남도 양산시,4,True,survey
798001,경상남도밀양시기본통계,사회일반,경상남도 밀양시,4,True,survey
797001,경상남도김해시기본통계,사회일반,경상남도 김해시,4,True,survey
796001,경상남도사천시기본통계,사회일반,경상남도 사천시,4,True,survey
682001,충청북도증평군기본통계,사회일반,충청북도 증평군,4,True,survey
676001,충청북도옥천군기본통계,사회일반,충청북도 옥천군,4,True,survey
632001,경기도안성시기본통계,사회일반,경기도 안성시,4,True,survey
630001,경기도파주시기본통계,사회일반,경기도 파주시,4,True,survey
629002,경기도용인시기본통계,사회일반,경기도 용인시,4,True,survey
624001,경기도오산시기본통계,사회일반,경기도 오산시,4,True,survey
620002,경기도고양시기본통계,사회일반,경기도 고양시,4,True,survey
616001,경기도광명시기본통계,사회일반,경기도 광명시,4,True,survey
655003,강원도태백시기본통계,사회일반,강원특별자치도 태백시,4,True,survey
654001,강원도동해시기본통계,사회일반,강원특별자치도 동해시,4,True,survey
651001,강원도춘천시기본통계,사회일반,강원특별자치도 춘천시,4,True,survey
525001,서울특별시강동구기본통계,사회일반,서울특별시 강동구,4,True,survey
521001,서울특별시관악구기본통계,사회일반,서울특별시 관악구,4,True,survey
513001,서울특별시서대문구기본통계,사회일반,서울특별시 서대문구,4,True,survey
507001,서울특별시중랑구기본통계,사회일반,서울특별시 중랑구,4,True,survey
110025,지방자치단체외국인주민현황,인구,행정안전부,2,False,survey
747001,전라남도함평군기본통계,사회일반,전라남도 함평군,4,True,survey
743001,전라남도강진군기본통계,사회일반,전라남도 강진군,4,True,survey
740001,전라남도보성군기본통계,사회일반,전라남도 보성군,4,True,survey
738001,전라남도구례군기본통계,사회일반,전라남도 구례군,4,True,survey
736003,전라남도담양군기본통계,사회일반,전라남도 담양군,4,True,survey
724001,전라북도부안군기본통계,사회일반,전북특별자치도 부안군,4,True,survey
723001,전라북도고창군기본통계,사회일반,전북특별자치도 고창군,4,True,survey
721001,전라북도임실군기본통계,사회일반,전북특별자치도 임실군,4,True,survey
720001,전라북도장수군기본통계,사회일반,전북특별자치도 장수군,4,True,survey
718001,전라북도진안군기본통계,사회일반,전북특별자치도 진안군,4,True,survey
713001,전라북도익산시기본통계,사회일반,전북특별자치도 익산시,4,True,survey
711004,전라북도전주시기본통계,사회일반,전북특별자치도 전주시,4,True,survey
668001,강원도양양군기본통계,사회일반,강원특별자치도 양양군,4,True,survey
665001,강원도양구군기본통계,사회일반,강원특별자치도 양구군,4,True,survey
656001,강원도속초시기본통계,사회일반,강원특별자치도 속초시,4,True,survey
809001,경상남도거창군기본통계,사회일반,경상남도 거창군,4,True,survey
799001,경상남도거제시기본통계,사회일반,경상남도 거제시,4,True,survey
795001,경상남도통영시기본통계,사회일반,경상남도 통영시,4,True,survey
793002,경상남도진주시기본통계,사회일반,경상남도 진주시,4,True,survey
791004,경상남도창원시기본통계,사회일반,경상남도 창원시,4,True,survey
752001,전라남도신안군기본통계,사회일반,전라남도 신안군,4,True,survey
751001,전라남도진도군기본통계,사회일반,전라남도 진도군,4,True,survey
750001,전라남도완도군기본통계,사회일반,전라남도 완도군,4,True,survey
749001,전라남도장성군기본통계,사회일반,전라남도 장성군,4,True,survey
748001,전라남도영광군기본통계,사회일반,전라남도 영광군,4,True,survey
746001,전라남도무안군기본통계,사회일반,전라남도 무안군,4,True,survey
745001,전라남도영암군기본통계,사회일반,전라남도 영암군,4,True,survey
744001,전라남도해남군기본통계,사회일반,전라남도 해남군,4,True,survey
742001,전라남도장흥군기본통계,사회일반,전라남도 장흥군,4,True,survey
741001,전라남도화순군기본통계,사회일반,전라남도 화순군,4,True,survey
739001,전라남도고흥군기본통계,사회일반,전라남도 고흥군,4,True,survey
737001,전라남도곡성군기본통계,사회일반,전라남도 곡성군,4,True,survey
735003,전라남도광양시기본통계,사회일반,전라남도 광양시,4,True,survey
679001,충청북도괴산군기본통계,사회일반,충청북도 괴산군,4,True,survey
675002,충청북도보은군기본통계,사회일반,충청북도 보은군,4,True,survey
673001,충청북도제천시기본통계,사회일반,충청북도 제천시,4,True,survey
672001,충청북도충주시기본통계,사회일반,충청북도 충주시,4,True,survey
639001,경기도포천시기본통계,사회일반,경기도 포천시,4,True,survey
638001,경기도연천군기본통계,사회일반,경기도 연천군,4,True,survey
626001,경기도군포시기본통계,사회일반,경기도 군포시,4,True,survey
621001,경기도과천시기본통계,사회일반,경기도 과천시,4,True,survey
615003,경기도부천시기본통계,사회일반,경기도 부천시,4,True,survey
524002,서울특별시송파구기본통계,사회일반,서울특별시 송파구,4,True,survey
520001,서울특별시동작구기본통계,사회일반,서울특별시 동작구,4,True,survey
518001,서울특별시금천구기본통계,사회일반,서울특별시 금천구,4,True,survey
517001,서울특별시구로구기본통계,사회일반,서울특별시 구로구,4,True,survey
516001,서울특별시강서구기본통계,사회일반,서울특별시 강서구,4,True,survey
515001,서울특별시양천구기본통계,사회일반,서울특별시 양천구,4,True,survey
514002,서울특별시마포구기본통계,사회일반,서울특별시 마포구,4,True,survey
511001,서울특별시노원구기본통계,사회일반,서울특별시 노원구,4,True,survey
509001,서울특별시강북구기본통계,사회일반,서울특별시 강북구,4,True,survey
666001,강원도인제군기본통계,사회일반,강원특별자치도 인제군,4,True,survey
664001,강원도화천군기본통계,사회일반,강원특별자치도 화천군,4,True,survey
663001,강원도철원군기본통계,사회일반,강원특별자치도 철원군,4,True,survey
661001,강원도평창군기본통계,사회일반,강원특별자치도 평창군,4,True,survey
660001,강원도영월군기본통계,사회일반,강원특별자치도 영월군,4,True,survey
659001,강원도횡성군기본통계,사회일반,강원특별자치도 횡성군,4,True,survey
657001,강원도삼척시기본통계,사회일반,강원특별자치도 삼척시,4,True,survey
653001,강원도강릉시기본통계,사회일반,강원특별자치도 강릉시,4,True,survey
652001,강원도원주시기본통계,사회일반,강원특별자치도 원주시,4,True,survey
584001,광주광역시북구기본통계,사회일반,광주광역시 북구,4,True,survey
582001,광주광역시서구기본통계,사회일반,광주광역시 서구,4,True,survey
581001,광주광역시동구기본통계,사회일반,광주광역시 동구,4,True,survey
570001,인천광역시옹진군기본통계,사회일반,인천광역시 옹진군,4,True,survey
543001,부산광역시연제구기본통계,사회일반,부산광역시 연제구,4,True,survey
541001,부산광역시금정구기본통계,사회일반,부산광역시 금정구,4,True,survey
539002,부산광역시해운대구기본통계,국토이용,부산광역시 해운대구,4,True,survey
536001,부산광역시동래구기본통계,사회일반,부산광역시 동래구,4,True,survey
535001,부산광역시진구기본통계,인구,부산광역시 부산진구,4,True,survey
534001,부산광역시영도구기본통계,사회일반,부산광역시 영도구,4,True,survey
533001,부산광역시동구기본통계,사회일반,부산광역시 동구,4,True,survey
531001,부산광역시중구기본통계,사회일반,부산광역시 중구,4,True,survey
641001,경기도양평군기본통계,사회일반,경기도 양평군,4,True,survey
637001,경기도광주시기본통계,사회일반,경기도 광주시,4,True,survey
634001,경기도양주시기본통계,사회일반,경기도 양주시,4,True,survey
614001,경기도안양시기본통계,사회일반,경기도 안양시,4,True,survey
611002,경기도수원시기본통계,사회일반,경기도 수원시,4,True,survey
593001,대전광역시서구기본통계,사회일반,대전광역시 서구,4,True,survey
113014,국민여가활동조사,문화.여가,문화체육관광부,1,False,survey
546001,부산광역시기장군기본통계,사회일반,부산광역시 기장군,4,True,survey
544001,부산광역시수영구기본통계,사회일반,부산광역시 수영구,4,True,survey
542001,부산광역시강서구기본통계,사회일반,부산광역시 강서구,4,True,survey
540001,부산광역시사하구기본통계,사회일반,부산광역시 사하구,4,True,survey
538001,부산광역시북구기본통계,사회일반,부산광역시 북구,4,True,survey
116049,철도경찰통계,범죄·안전,국토교통부,2,False,survey
595001,대전광역시대덕구기본통계,사회일반,대전광역시 대덕구,4,True,survey
585001,광주광역시광산구기본통계,광업·제조업,광주광역시 광산구,4,True,survey
568001,인천광역시서구기본통계,사회일반,인천광역시 서구,4,True,survey
563001,인천광역시미추홀구기본통계,사회일반,인천광역시 미추홀구,4,True,survey
561001,인천광역시중구기본통계,사회일반,인천광역시 중구,4,True,survey
605001,울산광역시울주군기본통계,사회일반,울산광역시 울주군,4,True,survey
604001,울산광역시북구기본통계,사회일반,울산광역시 북구,4,True,survey
603001,울산광역시동구기본통계,사회일반,울산광역시 동구,4,True,survey
602001,울산광역시남구기본통계,사회일반,울산광역시 남구,4,True,survey
601001,울산광역시중구기본통계,사회일반,울산광역시 중구,4,True,survey
562001,인천광역시동구기본통계,사회일반,인천광역시 동구,4,True,survey
594002,대전광역시유성구기본통계,사회일반,대전광역시 유성구,4,True,survey
592001,대전광역시중구기본통계,사회일반,대전광역시 중구,4,True,survey
591001,대전광역시동구기본통계,사회일반,대전광역시 동구,4,True,survey
583001,광주광역시남구기본통계,사회일반,광주광역시 남구,4,True,survey
569001,인천광역시강화군기본통계,사회일반,인천광역시 강화군,4,True,survey
567001,인천광역시계양구기본통계,사회일반,인천광역시 계양구,4,True,survey
566001,인천광역시부평구기본통계,사회일반,인천광역시 부평구,4,True,survey
565001,인천광역시남동구기본통계,사회일반,인천광역시 남동구,4,True,survey
564001,인천광역시연수구기본통계,사회일반,인천광역시 연수구,4,True,survey
328001,시설물안전현황,건설,국토안전관리원,2,False,survey
117067,노인학대현황,범죄·안전,보건복지부,1,False,survey
116048,철도사고현황,범죄·안전,국토교통부,2,False,survey
635001,여주시사회조사,사회일반,경기도 여주시,3,True,survey
372002,엔지니어링서비스업경영분석,과학·기술,한국엔지니어링협회,1,False,survey
675001,보은군주요소득작물및한우실태조사,농림,충청북도 보은군,4,True,survey
142011,중소기업수출동향,무역·국제수지,중소벤처기업부,2,False,survey
655002,태백시사회조사,사회일반,강원특별자치도 태백시,3,True,survey
342005,정보보호실태조사,정보통신,과학기술정보통신부,1,False,survey
120019,스마트폰과의존실태조사,정보통신,과학기술정보통신부,1,False,survey
514001,마포구사회조사,사회일반,서울특별시 마포구,3,True,survey
322002,국민연금통계,복지,국민연금공단,2,False,survey
120017,디지털정보격차실태조사,정보통신,과학기술정보통신부,1,False,survey
334006,평생교육통계,교육·훈련,한국교육개발원,2,False,survey
116042,국토지리정보현황,국토이용,국토교통부,4,False,survey
116040,주택도시기금및주택분양보증현황,주거,국토교통부,4,False,survey
106026,쓰레기종량제현황,환경,환경부,2,False,survey
154007,어린이집및이용자통계,복지,보건복지부,1,False,survey
629001,용인시사회조사,사회일반,경기도 용인시,3,True,survey
331009,한국복지패널조사,복지,한국보건사회연구원,1,False,survey
154004,중앙행정기관및지방자치단체소속위원회여성참여현황,사회일반,여성가족부,4,False,survey
109005,보훈보상금지급현황,정부·재정,국가보훈부,2,False,survey
329001,인터넷주소자원통계,정보통신,한국인터넷진흥원,1,False,survey
138002,지식재산활동조사,과학·기술,특허청,1,False,survey
342004,스팸수신량조사,정보통신,방송통신위원회,1,False,survey
106025,주요도시환경소음도현황,환경,환경부,2,False,survey
123030,한국선원통계,수산,해양수산부,2,False,survey
110020,지방공기업결산및경영분석,정부·재정,행정안전부,2,False,survey
141003,기후변화감시통계,환경,기상청,4,False,survey
105006,원자력산업실태조사,에너지,과학기술정보통신부,1,False,survey
155007,해상조난사고통계,범죄·안전,해양경찰청,2,False,survey
116036,임대주택통계,주거,국토교통부,2,False,survey
116035,택지예정지구지정및공급현황,국토이용,국토교통부,4,False,survey
136025,산불통계,범죄·안전,산림청,2,False,survey
373002,로봇산업실태조사,광업·제조업,한국로봇산업협회,1,False,survey
106023,환경전문공사업수주실적현황,환경,환경부,1,False,survey
123029,연안습지면적현황,환경,해양수산부,4,False,survey
103003,남북이산가족교류현황,정부·재정,통일부,2,False,survey
103002,인도적대북지원현황,정부·재정,통일부,2,False,survey
103001,남북인적왕래현황,정부·재정,통일부,2,False,survey
163002,국가공무원인사통계,정부·재정,인사혁신처,2,False,survey
152005,대기업집단지정및채무보증현황,기업경영,공정거래위원회,2,False,survey
141002,기상관측통계,환경,기상청,4,False,survey
141001,지진및지진해일발생통계,범죄·안전,기상청,2,False,survey
150002,문화재관리현황,문화.여가,문화재청,2,False,survey
102006,국가채무,정부·재정,기획재정부,2,False,survey
156008,위험물통계,범죄·안전,소방청,2,False,survey
116034,수자원현황,환경,환경부,2,False,survey
325001,펀드산업현황,금융,한국금융투자협회,2,False,survey
326001,해외건설수주통계,건설,해외건설협회,2,False,survey
116031,주거실태조사,주거,국토교통부,2,False,survey
156006,사고발생현황,범죄·안전,행정안전부,2,False,survey
106020,토양오염도현황,환경,환경부,2,False,survey
101067,지역별고용조사,노동,통계청,2,False,survey
307002,어업경영자금소요액조사,수산,수산업협동조합중앙회,1,False,survey
118031,고령자고용현황,노동,고용노동부,2,False,survey
102005,국가채권,정부·재정,기획재정부,2,False,survey
102004,국유재산현황,정부·재정,기획재정부,2,False,survey
131003,조달통계,정부·재정,조달청,2,False,survey
145005,식품수거검사실적,보건,식품의약품안전처,2,False,survey
145004,수입식품현황,보건,식품의약품안전처,2,False,survey
117064,학대피해아동보호현황,범죄·안전,보건복지부,2,False,survey
117061,장애인현황,복지,보건복지부,2,False,survey
118030,장애인의무고용현황,노동,고용노동부,2,False,survey
118027,고용허가제고용동향,노동,고용노동부,2,False,survey
167001,청소년매체이용및유해환경실태조사,사회일반,여성가족부,2,False,survey
115023,주요유통업체매출동향조사,도소매·서비스,산업통상자원부,2,False,survey
117060,퇴원손상심층조사,보건,질병관리청,1,False,survey
105005,이공계인력육성활용과처우등에관한실태조사,과학·기술,과학기술정보통신부,1,False,survey
110013,토지소유현황,국토이용,국토교통부,2,False,survey
101066,기업활동조사,기업경영,통계청,2,False,survey
321003,주택금융및보금자리론실태조사,금융,한국주택금융공사,2,False,survey
380002,근로환경조사,노동,한국산업안전보건공단,1,False,survey
118026,노사분규통계,노동,고용노동부,2,False,survey
930001,가계금융복지조사,소득·소비·자산,통계청,2,False,survey
134002,수출입물류통계,무역·국제수지,관세청,2,False,survey
323001,축산물등급판정통계,농림,축산물품질평가원,2,False,survey
336003,사업체패널조사,기업경영,한국노동연구원,2,False,survey
105004,방사선및방사성동위원소이용실태조사,과학·기술,과학기술정보통신부,1,False,survey
920010,방송산업실태조사,정보통신,과학기술정보통신부,1,False,survey
336002,고령화연구패널조사,복지,한국고용정보원,1,False,survey
115022,공공기술이전사업화현황조사,과학·기술,산업통상자원부,1,False,survey
116029,항공교통관제업무통계,교통·물류,국토교통부,4,False,survey
301024,지급결제통계,금융,한국은행,2,False,survey
106016,환경산업통계조사,환경,환경부,1,False,survey
142009,창업기업동향,기업경영,중소벤처기업부,4,False,survey
116028,주택보급률,주거,국토교통부,2,False,survey
309002,전통시장·상점가및점포경영실태조사,도소매·서비스,소상공인시장진흥공단,1,False,survey
399004,주요국가산업단지산업동향,광업·제조업,한국산업단지공단,1,False,survey
154001,가족실태조사,사회일반,여성가족부,2,False,survey
117058,청소년건강행태조사,보건,질병관리청,1,False,survey
105003,여성과학기술인력활용실태조사,과학·기술,과학기술정보통신부,1,False,survey
116027,국가교통조사,교통·물류,국토교통부,1,False,survey
399003,전국산업단지현황통계,광업·제조업,한국산업단지공단,1,False,survey
399002,공장등록현황,광업·제조업,한국산업단지공단,1,False,survey
322001,국민노후보장패널조사,복지,국민연금공단,1,False,survey
615002,부천시경제지표조사,경제일반·경기,경기도 부천시,3,True,survey
113009,광고산업조사,도소매·서비스,문화체육관광부,1,False,survey
383002,기업체장애인고용실태조사,노동,한국장애인고용공단,1,False,survey
115020,외국인직접투자통계,무역·국제수지,산업통상자원부,2,False,survey
370003,전기공사비지수,물가,한국전기산업연구원,2,False,survey
214004,전라북도경기종합지수,경제일반·경기,전북특별자치도,4,True,survey
389003,인적자본기업패널조사,기업경영,한국직업능력연구원,2,False,survey
115019,한국인인체치수조사,보건,산업통상자원부,1,False,survey
337003,에너지사용및온실가스배출실태조사,에너지,한국에너지공단,1,False,survey
321001,주택금융및유동화증권(MBS·MBB)통계,금융,한국주택금융공사,2,False,survey
136023,임가경제조사,소득·소비·자산,산림청,1,False,survey
920005,항공통계,교통·물류,한국공항공사,2,False,survey
102003,해외직접투자통계,무역·국제수지,기획재정부,2,False,survey
373001,기계산업통계,광업·제조업,한국기계산업진흥회,2,False,survey
115018,국가온실가스통계,환경,환경부,1,False,survey
392005,영농폐기물조사,환경,한국환경공단,1,False,survey
331007,보육실태조사,복지,보건복지부,1,False,survey
920026,콘텐츠산업조사,도소매·서비스,문화체육관광부,1,False,survey
115016,산업기술인력수급실태조사,노동,산업통상자원부,1,False,survey
114037,농어업인등에대한복지실태조사,농림,농촌진흥청,1,False,survey
120008,정보화통계조사,정보통신,과학기술정보통신부,1,False,survey
101064,국제인구이동통계,인구,통계청,1,False,survey
398001,중소기업정보화수준조사,정보통신,중소기업기술정보진흥원,1,False,survey
337002,전력소비행태분석,에너지,한국전력공사,2,False,survey
123023,어류양식동향조사,수산,통계청,2,False,survey
920024,교육기관(고등교육기관및직업계고)졸업자취업통계,교육·훈련,한국교육개발원,2,False,survey
389002,한국교육고용패널조사,교육·훈련,한국직업능력연구원,1,False,survey
218004,제주특별자치도경기종합지수,경제일반·경기,제주특별자치도,4,True,survey
397001,건설공사비지수,물가,한국건설기술연구원,2,False,survey
392004,폐기물재활용실적및업체현황,환경,한국환경공단,1,False,survey
120007,정보통신기술산업(ICT)통계,정보통신,과학기술정보통신부,1,False,survey
201011,서울서베이,사회일반,서울특별시,3,True,survey
105002,기술무역통계,무역·국제수지,과학기술정보통신부,1,False,survey
142006,상가건물임대차실태조사,국토이용,중소벤처기업부,1,False,survey
115015,국내바이오산업실태조사,과학·기술,산업통상자원부,1,False,survey
127008,ICT기업경기조사,정보통신,과학기술정보통신부,2,False,survey
392003,재활용지정사업자재활용실적,환경,한국환경공단,1,False,survey
301023,대외채무및대외채권,무역·국제수지,한국은행,2,False,survey
117051,아동구강건강실태조사,보건,질병관리청,1,False,survey
355001,국립공원기본통계,문화.여가,국립공원공단,2,False,survey
114036,여성농업인실태조사,농림,농림축산식품부,1,False,survey
395001,한국기업혁신조사,과학·기술,과학기술정책연구원,1,False,survey
106014,비점오염원의화학물질배출량조사,환경,환경부,1,False,survey
393001,여성기업실태조사,기업경영,재단법인 여성기업종합지원센터,1,False,survey
102002,공적개발원조실적통계,무역·국제수지,국무조정실,2,False,survey
118024,전국노동조합조직현황,노동,고용노동부,1,False,survey
118021,사업체노동실태현황,노동,고용노동부,1,False,survey
387004,국가기술자격통계,교육·훈련,한국산업인력공단,2,False,survey
301022,국제투자대조표(IIP),무역·국제수지,한국은행,2,False,survey
203006,대구광역시지역내총생산,국민계정,대구광역시,4,False,survey
120005,인터넷이용실태조사,정보통신,과학기술정보통신부,1,False,survey
392001,재활용가능자원가격조사,환경,한국환경공단,1,False,survey
314004,한국관광통계,문화.여가,한국관광공사,2,False,survey
127007,ICT인력동향실태조사,정보통신,과학기술정보통신부,1,False,survey
123021,천해양식어업권통계,수산,해양수산부,2,False,survey
115012,소재·부품·장비산업동향조사,광업·제조업,산업통상자원부,2,False,survey
101062,장래가구추계,인구,통계청,1,False,survey
143002,농산물소득조사,농림,농촌진흥청,2,False,survey
116026,주택건설실적통계,주거,국토교통부,2,False,survey
339001,에너지수급통계,에너지,에너지경제연구원,2,False,survey
360005,수출산업경기전망조사,무역·국제수지,한국무역협회,2,False,survey
920014,중소기업경기전망조사,경제일반·경기,중소벤처기업부,1,False,survey
327003,워크넷구인구직및취업동향,노동,한국고용정보원,2,False,survey
115010,제조업경기조사,광업·제조업,산업통상자원부,1,False,survey
102001,통합재정수지,정부·재정,기획재정부,2,False,survey
385001,SW융합실태조사,정보통신,과학기술정보통신부,1,False,survey
142004,소상공인시장경기동향조사,경제일반·경기,중소벤처기업부,1,False,survey
117050,정신건강실태조사,보건,보건복지부,1,False,survey
386001,광물자원매장량현황,광업·제조업,한국광해광업공단,2,False,survey
337001,신재생에너지보급실적조사,에너지,한국에너지공단,1,False,survey
117049,국민보건의료실태통계,보건,보건복지부,2,False,survey
136022,임업경영실태조사,농림,산림청,1,False,survey
615001,부천시사회조사,사회일반,경기도 부천시,3,True,survey
152001,시장구조분석,경제일반·경기,공정거래위원회,2,False,survey
206007,대전광역시경기종합지수,경제일반·경기,대전광역시,4,True,survey
101056,온라인쇼핑동향조사,도소매·서비스,통계청,1,False,survey
118020,고용형태별근로실태조사,노동,고용노동부,1,False,survey
930003,보험통계,금융,보험개발원,2,False,survey
203004,대구광역시경기종합지수,경제일반·경기,대구광역시,4,True,survey
212004,충청북도경기종합지수,경제일반·경기,충청북도,4,True,survey
301021,금융기관대출행태조사,금융,한국은행,2,False,survey
101054,사망원인통계,보건,통계청,1,False,survey
217005,경상남도지역내총생산,국민계정,경상남도,4,False,survey
142003,벤처기업정밀실태조사,기업경영,중소벤처기업부,1,False,survey
378001,건설사업관리기술인임금실태조사,임금,한국건설엔지니어링협회,1,False,survey
377001,측량업체임금실태조사,임금,한국공간정보산업협회,1,False,survey
205006,광주광역시사회조사,사회일반,광주광역시,3,True,survey
114033,농업면적조사,농림,통계청,1,False,survey
101052,생활시간조사,사회일반,통계청,1,False,survey
370002,전기공사업경영분석,건설,한국전기공사협회,2,False,survey
106013,화학물질배출량조사,환경,환경부,2,False,survey
101050,서비스업동향조사,도소매·서비스,통계청,1,False,survey
211004,강원도지역내총생산,국민계정,강원특별자치도,4,False,survey
336001,한국노동패널조사,노동,한국노동연구원,2,False,survey
318002,석유제품가격통계,물가,한국석유공사,2,False,survey
156003,자연재해현황,범죄·안전,행정안전부,2,False,survey
156002,119구조구급활동실적보고,범죄·안전,소방청,2,False,survey
145003,식품및식품첨가물생산실적,보건,식품의약품안전처,1,False,survey
116025,미분양주택현황보고,주거,국토교통부,2,False,survey
114032,화훼재배현황,농림,농림축산식품부,1,False,survey
118019,임금결정현황조사,임금,고용노동부,2,False,survey
114029,농림업생산지수,농림,농림축산식품부,2,False,survey
301020,소비자동향조사,경제일반·경기,한국은행,2,False,survey
206006,대전광역시지역내총생산,국민계정,대전광역시,4,False,survey
201009,서울시차량통행속도실태조사,교통·물류,서울특별시,4,True,survey
216006,경상북도지역내총생산,국민계정,경상북도,3,False,survey
375001,소프트웨어기술자임금실태조사,임금,한국소프트웨어산업협회,2,False,survey
207004,울산광역시사회조사,사회일반,울산광역시,4,True,survey
127006,ICT주요품목동향조사,정보통신,과학기술정보통신부,1,False,survey
101040,설비투자지수,경제일반·경기,통계청,2,False,survey
210005,경기도지역내총생산,국민계정,경기도,3,False,survey
115007,에너지사용량통계,에너지,산업통상자원부,1,False,survey
207003,주민등록인구통계,인구,울산광역시,4,True,survey
207002,울산광역시사업체조사,기업경영,울산광역시,4,True,survey
207001,울산광역시기본통계,사회일반,울산광역시,4,True,survey
210004,경기도사회조사,사회일반,경기도,3,True,survey
920028,고용행정통계,노동,고용노동부,2,False,survey
117044,암등록통계,보건,보건복지부,1,False,survey
301019,환경보호지출계정,환경,환경부,1,False,survey
216005,경상북도사회조사,사회일반,경상북도,4,True,survey
117043,공중위생영업소실태보고,보건,보건복지부,4,False,survey
202005,부산광역시사회조사,사회일반,부산광역시,3,True,survey
117040,아동복지시설보호아동및종사자현황보고,복지,보건복지부,4,False,survey
117036,노인복지시설현황,복지,보건복지부,2,False,survey
920006,건강보험통계,보건,국민건강보험공단,2,False,survey
106010,화학물질통계조사,환경,환경부,2,False,survey
127005,ICT실태조사,정보통신,과학기술정보통신부,1,False,survey
106009,전국폐기물통계조사,환경,환경부,1,False,survey
144001,병무통계,정부·재정,병무청,2,False,survey
101037,전국사업체조사,경제일반·경기,통계청,1,False,survey
340006,중소기업기술통계조사,과학·기술,중소벤처기업부,1,False,survey
117035,장애인편의시설설치현황조사,복지,보건복지부,1,False,survey
365005,국내건설수주동향조사,건설,대한건설협회,1,False,survey
101035,생명표,보건,통계청,2,False,survey
101033,장래인구추계,인구,통계청,1,False,survey
348001,증권예탁통계,금융,한국예탁결제원,2,False,survey
372001,엔지니어링업체임금실태조사,임금,한국엔지니어링협회,1,False,survey
318001,석유수급통계,에너지,한국석유공사,2,False,survey
218003,제주특별자치도사업체조사,기업경영,제주특별자치도,4,True,survey
214003,전북특별자치도사업체조사,기업경영,전북특별자치도,3,True,survey
212003,충청북도사업체조사,기업경영,충청북도,4,True,survey
204003,인천광역시사업체조사,기업경영,인천광역시,3,True,survey
202004,부산광역시사업체조사,기업경영,부산광역시,3,True,survey
211003,강원특별자치도사업체조사,기업경영,강원특별자치도,4,True,survey
210003,경기도사업체조사,기업경영,경기도,4,True,survey
201005,서울특별시사업체조사,기업경영,서울특별시,3,True,survey
216004,경상북도사업체조사,기업경영,경상북도,3,True,survey
215003,전라남도사업체조사,기업경영,전라남도,4,True,survey
217004,경상남도사업체조사,기업경영,경상남도,4,True,survey
213004,충청남도사업체조사,기업경영,충청남도,3,True,survey
205004,광주광역시사업체조사,기업경영,광주광역시,3,True,survey
203003,대구광역시사업체조사,기업경영,대구광역시,4,True,survey
206004,대전광역시사업체조사,기업경영,대전광역시,3,True,survey
370001,전기공사업통계조사,건설,한국전기공사협회,2,False,survey
117034,보호대상아동현황보고,복지,보건복지부,2,False,survey
369001,설비건설업통계조사,건설,대한기계설비건설협회,2,False,survey
218002,제주특별자치도기본통계,사회일반,제주특별자치도,4,True,survey
217003,경상남도기본통계,사회일반,경상남도,4,True,survey
216003,경상북도기본통계,사회일반,경상북도,4,True,survey
215002,전라남도기본통계,사회일반,전라남도,4,True,survey
214002,전라북도기본통계,사회일반,전북특별자치도,4,True,survey
213003,충청남도기본통계,사회일반,충청남도,4,True,survey
212002,충청북도기본통계,사회일반,충청북도,4,True,survey
211002,강원특별자치도기본통계,사회일반,강원특별자치도,4,True,survey
210002,경기도기본통계,사회일반,경기도,4,True,survey
206003,대전광역시기본통계,사회일반,대전광역시,4,True,survey
205003,광주광역시기본통계,사회일반,광주광역시,4,True,survey
204002,인천광역시기본통계,사회일반,인천광역시,4,True,survey
203002,대구광역시기본통계,사회일반,대구광역시,4,True,survey
202003,부산광역시기본통계,사회일반,부산광역시,4,True,survey
201004,서울특별시기본통계,사회일반,서울특별시,4,True,survey
201003,주민등록인구통계,인구,서울특별시,4,True,survey
218001,주민등록인구통계,인구,제주특별자치도,4,True,survey
217002,주민등록인구통계,인구,경상남도,4,True,survey
216002,주민등록인구통계,인구,경상북도,4,True,survey
215001,주민등록인구통계,인구,전라남도,4,True,survey
214001,주민등록인구통계,인구,전북특별자치도,4,True,survey
213002,주민등록인구통계,인구,충청남도,4,True,survey
212001,주민등록인구통계,인구,충청북도,4,True,survey
211001,주민등록인구통계,인구,강원특별자치도,4,True,survey
210001,주민등록인구통계,인구,경기도,3,True,survey
206002,주민등록인구통계,인구,대전광역시,4,True,survey
205001,주민등록인구통계,인구,광주광역시,4,True,survey
204001,주민등록인구통계,인구,인천광역시,4,True,survey
203001,주민등록인구통계,인구,대구광역시,4,True,survey
202002,주민등록인구통계,인구,부산광역시,4,True,survey
113004,국민체력측정통계,보건,문화체육관광부,1,False,survey
217001,경상남도사회조사,사회일반,경상남도,3,True,survey
113003,국민생활체육조사,문화.여가,문화체육관광부,1,False,survey
113002,예술인실태조사,문화.여가,문화체육관광부,1,False,survey
301018,기업경기조사,경제일반·경기,한국은행,2,False,survey
113001,국민문화예술활동조사,문화.여가,문화체육관광부,1,False,survey
315003,부동산거래현황,국토이용,한국부동산원,2,False,survey
117032,장애인실태조사,복지,보건복지부,1,False,survey
365004,건설업임금실태조사,임금,대한건설협회,1,False,survey
365003,완성공사원가통계,건설,대한건설협회,1,False,survey
340005,중소제조업직종별임금조사,임금,중소기업중앙회,1,False,survey
101028,지역소득,국민계정,통계청,2,False,survey
365002,건설업경영분석,건설,대한건설협회,1,False,survey
101027,서비스업조사,도소매·서비스,통계청,1,False,survey
117030,의료서비스이용현황,보건,보건복지부,2,False,survey
366001,전문건설업통계조사,건설,대한전문건설협회,2,False,survey
163001,공무원총조사,정부·재정,인사혁신처,1,False,survey
110007,지방세통계,정부·재정,행정안전부,2,False,survey
110006,지방세외수입징수실적,정부·재정,행정안전부,2,False,survey
118009,근로자건강진단실시상황보고,보건,고용노동부,1,False,survey
202001,부산광역시차량교통량조사,교통·물류,부산광역시,3,True,survey
304004,전국주택가격동향조사,주거,한국부동산원,2,False,survey
116011,건축물통계,건설,국토교통부,2,False,survey
315001,전국지가변동률조사,국토이용,한국부동산원,2,False,survey
110005,지적통계,국토이용,국토교통부,2,False,survey
118008,기업체노동비용조사,임금,고용노동부,2,False,survey
105001,연구개발활동조사,과학·기술,과학기술정보통신부,1,False,survey
331001,가족과출산조사,보건,한국보건사회연구원,2,False,survey
117019,보건소및보건지소운영현황,보건,보건복지부,4,False,survey
123018,운항선박통계,교통·물류,해양수산부,4,False,survey
136014,국가산림자원조사,농림,산림청,2,False,survey
115005,에너지총조사,에너지,산업통상자원부,1,False,survey
106005,산업폐수발생및처리현황,환경,환경부,1,False,survey
101021,경기종합지수,경제일반·경기,통계청,2,False,survey
123019,해수수질실태보고,환경,해양수산부,2,False,survey
116010,아파트주거환경통계,주거,국토교통부,2,False,survey
314002,외래관광객조사,문화.여가,문화체육관광부,1,False,survey
106003,대기오염도현황,환경,환경부,2,False,survey
106002,배출시설단속조치현황,환경,환경부,2,False,survey
106001,수질오염실태보고,환경,환경부,2,False,survey
344002,상장기업의부가가치분석,기업경영,한국생산성본부,1,False,survey
303003,중소기업금융실태조사,금융,중소기업은행,1,False,survey
101020,기계수주동향조사,광업·제조업,통계청,1,False,survey
123013,등록어선통계,수산,해양수산부,2,False,survey
101019,운수업조사,교통·물류,통계청,1,False,survey
101018,사회조사,사회일반,통계청,1,False,survey
118011,산재보험통계,노동,고용노동부,2,False,survey
118006,산업재해현황,범죄·안전,고용노동부,2,False,survey
117014,국민기초생활보장수급자현황,복지,보건복지부,2,False,survey
313001,고속도로교통량통계,교통·물류,한국도로공사,2,False,survey
101049,양곡소비량조사,농림,통계청,1,False,survey
117107,결핵환자신고현황,보건,질병관리청,2,False,survey
920019,가축동향조사,농림,통계청,1,False,survey
133001,국세통계,정부·재정,국세청,2,False,survey
156001,화재발생총괄표,범죄·안전,소방청,2,False,survey
132002,경찰접수교통사고현황,범죄·안전,경찰청,2,False,survey
132001,운전면허소지자현황,교통·물류,경찰청,2,False,survey
123016,항만시설및능력현황,교통·물류,해양수산부,2,False,survey
367001,생명보험성향조사,금융,생명보험협회,1,False,survey
314001,국민여행조사,문화.여가,문화체육관광부,1,False,survey
360002,SITC에의한무역통계,무역·국제수지,한국무역협회,2,False,survey
123020,해양사고현황,범죄·안전,해양수산부,2,False,survey
116007,한국수문통계,환경,환경부,2,False,survey
138001,지식재산권통계,과학·기술,특허청,2,False,survey
135001,범죄분석통계,범죄·안전,검찰청,2,False,survey
116006,도로현황,교통·물류,국토교통부,2,False,survey
101016,건설경기동향조사,건설,통계청,2,False,survey
363001,철강통계조사,광업·제조업,한국철강협회,2,False,survey
310002,한국전력통계,에너지,한국전력공사,1,False,survey
301011,자금순환표,국민계정,한국은행,2,False,survey
301010,산업연관표,국민계정,한국은행,2,False,survey
301009,국민계정,국민계정,한국은행,2,False,survey
301008,국제수지통계,무역·국제수지,한국은행,2,False,survey
301006,통화금융통계,금융,한국은행,2,False,survey
365001,종합건설업조사,건설,대한건설협회,1,False,survey
134001,무역통계,무역·국제수지,관세청,2,False,survey
118005,직종별사업체노동력조사,노동,고용노동부,2,False,survey
344001,노동생산성지수,노동,한국생산성본부,2,False,survey
343001,증권·파생상품시장통계,금융,한국거래소,2,False,survey
110001,한국도시통계,사회일반,행정안전부,2,False,survey
101015,국내인구이동통계,인구,통계청,2,False,survey
136006,임산물생산조사,농림,산림청,1,False,survey
301004,수출입물가조사,물가,한국은행,2,False,survey
116005,건축허가·착공·준공통계,건설,국토교통부,2,False,survey
136005,목재수급통계,농림,산림청,2,False,survey
123011,등록선박통계,교통·물류,해양수산부,2,False,survey
123010,입항선박톤급별통계,교통·물류,해양수산부,4,False,survey
123009,화물수송실적,교통·물류,해양수산부,4,False,survey
120002,우편물통계,정보통신,과학기술정보통신부,4,False,survey
117052,법정감염병발생보고,보건,질병관리청,2,False,survey
116015,자동차등록현황보고,교통·물류,국토교통부,4,False,survey
116013,교통부문수송실적보고,교통·물류,국토교통부,4,False,survey
116004,도로교통량조사,교통·물류,국토교통부,2,False,survey
115002,광산물생산량현황,광업·제조업,한국지질자원연구원,2,False,survey
114022,우유및유제품생산소비상황,농림,농림축산식품부,4,False,survey
114021,도축검사보고,농림,농림축산식품부,4,False,survey
114020,배합사료생산실적및원료사용실적,농림,농림축산식품부,4,False,survey
114019,특용작물생산실적,농림,농림축산식품부,1,False,survey
114018,시설채소온실현황및생산실적,농림,농림축산식품부,1,False,survey
114017,과실류가공현황,농림,농림축산식품부,1,False,survey
114016,기능성양잠산업현황,농림,농림축산식품부,4,False,survey
114010,농업기계보유현황,농림,농림축산식품부,2,False,survey
113005,주요관광지점입장객통계,문화.여가,문화체육관광부,1,False,survey
112002,학생건강검사통계,보건,교육부,1,False,survey
111001,출입국자및체류외국인통계,인구,법무부,4,False,survey
106007,하수도통계,환경,환경부,2,False,survey
106006,상수도통계,환경,환경부,2,False,survey
136001,산림기본통계,농림,산림청,1,False,survey
101014,건설업조사,건설,통계청,1,False,survey
311001,농업생산기반정비통계조사,농림,한국농어촌공사,2,False,survey
117002,국민건강영양조사,보건,질병관리청,2,False,survey
101013,통계인력및예산조사,정부·재정,통계청,1,False,survey
123004,수산물가공업통계,수산,해양수산부,2,False,survey
123022,어업생산동향조사,수산,통계청,2,False,survey
101011,광업제조업동향조사,광업·제조업,통계청,2,False,survey
307001,어업경영조사,수산,수산업협동조합중앙회,1,False,survey
920013,국민대차대조표,국민계정,통계청,1,False,survey
118002,사업체노동력조사,노동,고용노동부,2,False,survey
101045,농림어업조사,농림,통계청,1,False,survey
101009,광업제조업조사,광업·제조업,통계청,1,False,survey
142001,중소기업실태조사,기업경영,중소벤처기업부,1,False,survey
114004,농작물생산조사,농림,통계청,1,False,survey
301002,생산자물가조사,물가,한국은행,2,False,survey
301001,기업경영분석,기업경영,한국은행,2,False,survey
388001,상용자가발전업체조사,에너지,한국전력거래소,1,False,survey
306001,농가판매및구입가격조사,물가,통계청,1,False,survey
302001,설비투자계획조사,경제일반·경기,한국산업은행,1,False,survey
101007,소비자물가조사,물가,통계청,2,False,survey
101044,어가경제조사,소득·소비·자산,통계청,1,False,survey
334001,교육기본통계,교육·훈련,한국교육개발원,2,False,survey
101043,농축산물생산비조사,농림,통계청,1,False,survey
101042,농가경제조사,소득·소비·자산,통계청,1,False,survey
101006,가계동향조사,소득·소비·자산,통계청,2,False,survey
101041,농림어업총조사,농림,통계청,1,False,survey
101004,경제활동인구조사,노동,통계청,2,False,survey
101003,인구동향조사,인구,통계청,2,False,survey
101002,주택총조사,주거,통계청,1,False,survey
101001,인구총조사,인구,통계청,2,False,survey
